gene,n_guides,best_day,best_day_among_active,active_days,hit_anyday,max_abs_postmean,min_lfsr,min_lfsr_among_active,guide_min_lfsr_min,median_guide_lfsr_min,gene_postmean_d0,gene_postsd_d0,gene_lfsr_d0,gene_postmean_d1,gene_postsd_d1,gene_lfsr_d1,gene_postmean_d2,gene_postsd_d2,gene_lfsr_d2,gene_postmean_d3,gene_postsd_d3,gene_lfsr_d3
Gene1,6,0,,,False,0.09354644382366949,0.0,,0.0,6.632950855234301e-10,0.05560035416738455,0.0059033293330946176,0.0,0.06959388802554985,0.006280299184953139,0.0,0.07151319684181308,0.006570433542631812,0.0,0.09354644382366949,0.006973338404359769,0.0
Gene10,6,0,0.0,"d0,d1",True,0.8181861146665451,0.0,0.0,1.0936929654925e-136,7.861231208027626e-87,0.8181861146665451,0.016858739443577946,0.0,0.2673696846295792,0.021844306003847607,0.0,0.015181697896058232,0.027374169665990634,0.2895843519626255,0.139124979166075,0.03109869355351132,3.844599946178917e-06
Gene100,6,0,,,False,0.04476519298254323,3.547129470149457e-07,,3.44815026793783e-10,0.0006698182040669042,0.04476519298254323,0.009027487643925665,3.547129470149457e-07,-0.017369463391420474,0.012190350164692432,0.07709977329538198,0.03992799620754721,0.014873905741823007,0.003632652450026308,0.0350811150762705,0.01859094524187954,0.029580157743300473
Gene11,6,0,0.0,d0,True,0.7375197407605018,0.0,0.0,0.0,0.0,-0.7375197407605018,0.01562092079385461,0.0,-0.09703294289501731,0.02203637907426709,5.33065577412728e-06,0.0281620876026822,0.025634009357911016,0.135966480498943,0.0006375701574386832,0.028447988441631197,0.4910597404271909
Gene12,6,0,2.0,d2,True,0.22339517204551193,0.0,0.0,2.19140778138008e-43,2.637489071412924e-06,0.16243741136498557,0.008806827114999168,0.0,0.1613139757558874,0.011950705785601342,0.0,0.22339517204551193,0.012057619424972658,0.0,0.16311002354477427,0.017327706835038294,0.0
Gene13,6,0,,,False,0.1888376122761662,0.0,,5.17965347325854e-54,0.006814192841712922,0.14341522057833153,0.006062091449167398,0.0,0.16285683383081226,0.006812428272415994,0.0,0.1791120342579887,0.0074508366287119225,0.0,0.1888376122761662,0.007846687831374924,0.0
Gene14,6,0,1.0,"d1,d2,d3",True,0.23437209086024086,0.0,0.0,5.2251637054648396e-79,0.018980786547472702,0.16849060858676998,0.008206939794092238,0.0,0.2083940177842894,0.010628233294452345,0.0,0.2292905040173113,0.013406670768459994,0.0,0.23437209086024086,0.014709709669345592,0.0
Gene15,6,0,1.0,"d1,d2,d3",True,0.8187048571733114,0.0,0.0,0.0,9.905235142920651e-59,0.13553165669764,0.011628500649037218,0.0,-0.39220589875962236,0.01773169628466635,0.0,0.8187048571733114,0.026305732510209325,0.0,-0.34428154241877984,0.03314251761421288,0.0
Gene16,6,3,3.0,d3,True,0.6679549165314573,0.0,0.0,2.58995602604366e-29,6.555791005414541e-22,0.04075307258006715,0.011572983832534972,0.0002146395581597016,0.008618593240527335,0.016506555550424875,0.30078937451454313,0.02696136750621753,0.02204222059517479,0.11063287943213368,0.6679549165314573,0.02862574346231013,0.0
Gene17,6,0,,,False,0.171340951283048,0.0,,1.02916174054241e-37,5.5424217093318625e-11,0.171340951283048,0.010225608554203939,0.0,0.10267783708057164,0.014093698562108417,1.6042722705833512e-13,0.06575221943769759,0.0184045325816568,0.00017672038639432452,0.11041637443773142,0.021119143368911904,8.555634178897265e-08
Gene18,6,0,1.0,"d1,d2",True,0.8852629074039883,0.0,0.0,0.0,5.77005265319915e-70,0.18800125697114534,0.011983614458536816,0.0,0.2376014169553469,0.017069567219846694,0.0,0.8852629074039883,0.023049822753089387,0.0,0.13455016487492855,0.029081921654508902,1.858665451992536e-06
Gene19,6,1,,,False,0.10078297511472187,1.7696955012524995e-13,,0.0,0.00024602559718629795,-0.040981782342609845,0.009990979805340437,2.0490498890635145e-05,-0.10078297511472187,0.013858949714647828,1.7696955012524995e-13,-0.05886944794955418,0.017534807868199116,0.00039355150455944177,-0.05262095108039423,0.02071219355228283,0.0055334642968378756
Gene2,6,2,2.0,d2,True,0.6779782696513812,0.0,0.0,0.0,1.0379284664806853e-44,0.059346210813944894,0.012118517180251991,4.861801277122879e-07,0.09592776031377148,0.01658424929850773,3.6414146142860204e-09,0.6779782696513812,0.021820231561394905,0.0,0.09370580375714054,0.027256098877381736,0.0002930402190180481
Gene20,6,2,,,False,0.09599504693957117,0.0,,4.3298697960381105e-15,4.2928097074233253e-10,0.05340748870608038,0.007920830474446545,7.775502464113515e-12,0.06411605355559721,0.0093585306915471,3.664735181985179e-12,0.09599504693957117,0.010841721635834892,0.0,0.05103727959584693,0.012983502573784864,4.230841427588228e-05
Gene21,6,1,,,False,0.08131755402203406,2.220446049250313e-16,,0.0,2.741893657902476e-14,0.041381833518371144,0.008506987644568474,5.73871622666644e-07,0.08131755402203406,0.009999914681076824,2.220446049250313e-16,-0.006405406924581648,0.012323624578098151,0.3016131736812895,-0.03093975235543483,0.01406134727355625,0.013891371766062366
Gene22,6,0,0.0,"d0,d1,d2",True,0.6490867267317489,0.0,0.0,1.14411226187158e-76,2.555187735095276e-41,0.22243412814376962,0.01274856743993519,0.0,0.6490867267317489,0.018692178753454886,0.0,0.2264923267046573,0.0240109053915852,0.0,0.1389960570377275,0.02921246880420242,9.770837676725819e-07
Gene23,6,0,0.0,d0,True,0.5010219888910025,0.0,0.0,0.0,0.0,-0.5010219888910025,0.013319814872950739,0.0,-0.051202072351722756,0.0189854132078152,0.0034992418264079284,0.09476156959378688,0.023189246808906012,2.1901712361549475e-05,0.04364561325860463,0.02774081395330965,0.05782055223001048
Gene24,6,0,,,False,0.1472720091261303,0.0,,7.128453394192911e-47,6.256629769740971e-06,0.10247144667991712,0.008782183822348246,0.0,0.120063554078077,0.011151373465649254,0.0,0.13983657818233308,0.015420333235156243,0.0,0.1472720091261303,0.01656964866971546,0.0
Gene25,6,1,,,False,0.05655497043754564,5.3428334623184526e-06,,1.54521627474889e-10,0.017244850625619815,0.003757001454013196,0.00911893830746172,0.3401697569746316,0.05655497043754564,0.012845192601770476,5.3428334623184526e-06,0.0192471251419749,0.016081919767355995,0.11568882203725145,0.017256875312287843,0.01884005415357787,0.1798419983335638
Gene26,6,0,3.0,d3,True,0.20039199024891055,0.0,0.0,2.48648947175006e-24,1.7180245564159418e-12,0.1769788492208812,0.006191188701709292,0.0,0.17967857803623288,0.00714474633953371,0.0,0.1930168406665252,0.007516440986706549,0.0,0.20039199024891055,0.008139092821947455,0.0
Gene27,6,0,2.0,d2,True,0.2120395245871271,0.0,0.0,1.75688115846336e-25,1.8932660470551973e-10,0.1761643671977355,0.009462832189974891,0.0,0.1920606308655636,0.010930789070929408,0.0,0.2120395245871271,0.012656948612341033,0.0,0.15478729001981525,0.019333108056583104,5.551115123125783e-16
Gene28,6,0,,,False,0.05774617091972263,1.1102230246251565e-16,,0.0,4.508391380592112e-05,-0.05699080626548272,0.006911954786407617,1.1102230246251565e-16,-0.05774617091972263,0.00727904951958433,1.1102230246251565e-15,-0.05665616321779025,0.007960139499430662,5.495603971894525e-13,-0.0566067746157181,0.008296173305836537,4.450551038814865e-12
Gene29,6,1,,,False,0.10062010793895167,0.0,,0.0,4.753912969935067e-11,-0.042446628361426715,0.007190252697553154,1.7808922114781467e-09,-0.0741689251388564,0.008112148084128362,0.0,-0.04128647450632825,0.0087682364464529,1.2468713541657905e-06,-0.10062010793895167,0.009609378764759046,0.0
Gene3,6,1,1.0,"d1,d3",True,0.7686270313595363,0.0,0.0,0.0,1.22447325280502e-44,-0.06633819729671141,0.011989227777791912,1.57265011013763e-08,-0.4406782732123374,0.018949789472301155,0.0,-0.04874098414975657,0.02402823865665048,0.02125525383083149,0.7686270313595363,0.031112803438063392,0.0
Gene30,6,0,,,False,0.1211390719448713,0.0,,0.0,1.9441142170032756e-09,-0.09231222801321201,0.006954737208372939,0.0,-0.10101538845907714,0.008226264827388844,0.0,-0.08898913174647236,0.009778951166127866,0.0,-0.1211390719448713,0.00962392147800229,0.0
Gene31,6,0,,,False,0.07424529028821589,0.0,,0.0,5.752904405695976e-17,-0.07424529028821589,0.006142825113247249,0.0,-0.07101961910380816,0.006396317376853454,0.0,-0.06835391708229092,0.006557650377999377,0.0,-0.06129497746165663,0.0068200936826820985,0.0
Gene32,6,3,3.0,d3,True,0.4669514861703492,0.0,0.0,0.0,3.949556254071055e-16,0.0246838506023723,0.012834141102779908,0.0272214513687421,0.015213072201759464,0.016586127564068773,0.17951456433662633,0.06493672743464901,0.021908319986812388,0.001518236263392203,0.4669514861703492,0.02790199450197192,0.0
Gene33,6,0,,,False,0.11212773856087939,0.0,,1.9634333685295102e-44,1.2126676015821018e-11,0.08975117703164652,0.010582751535482849,0.0,0.11212773856087939,0.01285612411037883,0.0,0.06854186784823145,0.017449967159990067,4.284396482490127e-05,0.035999210856141654,0.02261601782748931,0.055719627024639284
Gene34,6,2,2.0,d2,True,0.35335539066026767,0.0,0.0,0.0,6.550935213379999e-73,0.09873855569819352,0.01235493401967798,6.661338147750939e-16,0.09133083328510952,0.016458125517986956,1.4341991816380073e-08,-0.35335539066026767,0.021189106997164153,0.0,0.10855342452670051,0.026348171667361354,1.8946874029368566e-05
Gene35,6,0,,,False,0.09833107594103435,0.0,,8.05481869061407e-16,5.662049896191114e-07,0.0907487129028586,0.00580305474925191,0.0,0.09349538616505387,0.006142906340926219,0.0,0.09650701825450846,0.006527141784323136,0.0,0.09833107594103435,0.007211438646799722,0.0
Gene36,6,1,,,False,0.16630603980785869,3.672617765460018e-13,,7.27135042352151e-21,9.911812976270973e-06,0.07682465265893132,0.01103441784548642,1.6741052988322735e-12,0.10832562243217563,0.015102198856584781,3.672617765460018e-13,0.05783315229678281,0.0199766798285142,0.0018955918723235765,-0.16630603980785869,0.025922655891637125,7.019418379883291e-11
Gene37,6,0,1.0,d1,True,0.4349220526467305,0.0,0.0,1.35945316432284e-93,1.1510678821028386e-18,0.13183562067002094,0.012077067189127752,0.0,0.4349220526467305,0.01765947612314433,0.0,0.07527306013376943,0.022941182021381717,0.0005169556316610979,0.05644319689644498,0.027105220861339954,0.018654178029508084
Gene38,6,2,,,False,0.07790154237172806,6.327093342251011e-06,,9.04408247411211e-39,2.5303122375142105e-08,-0.014767931455204587,0.009863907033353133,0.06717470239100842,-0.04325351519706344,0.014099354338565647,0.0010783283111917008,-0.07790154237172806,0.017842767637786486,6.327093342251011e-06,-0.020872683015003137,0.02128513997540065,0.16338951549738467
Gene39,6,1,,,False,0.07211422085275329,2.620729436686453e-06,,0.0,0.012306553596889341,0.025089854660343566,0.00935601983035677,0.0036626707122302538,0.0636735038927268,0.013979172508495202,2.620729436686453e-06,0.07211422085275329,0.01804706626211336,3.2224854410345394e-05,0.042729018628385296,0.0204710731965157,0.01843106943700068
Gene4,6,1,,,False,0.10483123360432606,0.0,,0.0,0.004168620957871329,-0.03810329466948852,0.0073193028861762086,9.65480684289588e-08,-0.07710236926124237,0.009317231078454634,0.0,-0.05629694160861443,0.01081388294356604,9.648371313009108e-08,-0.10483123360432606,0.01191765729759716,0.0
Gene40,6,0,3.0,d3,True,0.20967192097565002,0.0,0.0,5.23956668926825e-31,1.8018018116365111e-06,0.15206767865222548,0.007009751034686261,0.0,0.16838950237968353,0.008108950416874892,0.0,0.1796004382221972,0.009388865341137701,0.0,0.20967192097565002,0.00939848995019247,0.0
Gene41,6,1,,,False,0.12733798433790955,2.220446049250313e-16,,1.12281969013755e-28,4.6447305068755165e-07,0.06282417896085318,0.009737683224197762,5.5317361802309506e-11,0.11460832605401854,0.014111703204603584,2.220446049250313e-16,0.12733798433790955,0.018481840448194044,2.791655795419956e-12,0.10333590753832733,0.021965069854488744,1.272093332227442e-06
Gene42,6,0,,,False,0.11663675105015844,0.0,,0.0,5.4022237372976566e-15,-0.11663675105015844,0.0064147688713272555,0.0,-0.10541947029938603,0.00679833051773235,0.0,-0.10852439492601984,0.006932267828948275,0.0,-0.10514808797229087,0.007230473132124433,0.0
Gene43,6,1,,,False,0.08281568589634138,1.6425383275731065e-10,,1.11022302462516e-16,7.475801992585158e-09,-0.04805718247455328,0.009855136702200342,5.403099077039286e-07,-0.08281568589634138,0.013177369264126593,1.6425383275731065e-10,-0.02535858519712585,0.016633592083771142,0.0636868708730518,-0.06676828544669676,0.020162589297240914,0.00046399681074960064
Gene44,6,0,2.0,d2,True,0.31845015835975826,0.0,0.0,1.1022769744430901e-24,4.363984279131208e-12,0.10215749307807012,0.009951123640840089,0.0,0.08923817811661916,0.012667918363583542,9.311440507531188e-13,0.31845015835975826,0.01803495050656025,0.0,0.07890390010437412,0.019911705246721513,3.705511083584856e-05
Gene45,6,0,,,False,0.057973360681326185,0.0,,0.0,7.97527702679247e-14,-0.057334836436027055,0.006463419281938691,0.0,-0.03137530674538201,0.007452661754507529,1.277156232715182e-05,-0.057505283379161595,0.007783168219560874,7.427392034742297e-14,-0.057973360681326185,0.008383559378268299,2.3372415114408795e-12
Gene46,6,1,1.0,d1,True,0.712825174280086,0.0,0.0,0.0,0.0,0.02289579543277944,0.012106512286703463,0.029299049450616177,-0.712825174280086,0.019245033204207007,0.0,0.032593675207841455,0.023268261311245316,0.08064019185339089,0.07508493653798375,0.02971121978847713,0.0057494935376050105
Gene47,6,1,1.0,d1,True,0.4061711730627341,0.0,0.0,0.0,3.717464876008001e-30,-0.0066373464406682,0.009041868699310937,0.23145364872587404,0.4061711730627341,0.014517434930151297,0.0,-0.028798949264756027,0.018374072799646698,0.05851425089762097,-0.045612050332112464,0.02287982196462985,0.023100671901316705
Gene48,6,3,,,False,0.07801235408365066,2.0816681711721685e-14,,0.0,0.0004964079509442742,0.036673237887413564,0.007242875569540882,2.059727055025995e-07,0.04192403024114841,0.008665896527061241,6.563612748866632e-07,0.043873169205084175,0.00995231826610011,5.208377467202929e-06,0.07801235408365066,0.01032491800711073,2.0816681711721685e-14
Gene49,6,0,0.0,d0,True,0.3729494800573657,0.0,0.0,1.10706308839277e-60,1.2719259658266507e-30,0.3729494800573657,0.011880985209378955,0.0,0.13358819512481623,0.01680529008506367,9.43689570931383e-16,0.08024220580382699,0.021369087428809604,8.664997308605038e-05,0.07199027627309239,0.02560012432312337,0.0024609101266057642
Gene5,6,2,,,False,0.04122204663414174,7.894559867493989e-07,,5.35874071222713e-17,0.001303660362603,0.03135148221356839,0.006774055630108723,1.8445541338785176e-06,0.027072401741519717,0.0079861108323187,0.0003495451705997077,0.04122204663414174,0.008586173730480763,7.894559867493989e-07,0.03892139732814086,0.009723573211114412,3.1300262295252956e-05
Gene50,6,0,,,False,0.041055581122670735,2.1793015791971015e-07,,2.44249065417534e-15,3.4819296978203333e-09,-0.041055581122670735,0.008125651655609396,2.1793015791971015e-07,-0.016676411229898668,0.010143285528364503,0.05007944877129722,0.02117012850598479,0.013796633921999096,0.06246052970043864,-0.003898855168597431,0.013740181476860402,0.38829879301941217
Gene51,6,0,2.0,"d2,d3",True,0.6557975552374322,0.0,0.0,0.0,0.0,0.1989720269001063,0.012515708445248921,0.0,0.14097764095838178,0.017172880253363658,1.1102230246251565e-16,-0.6557975552374322,0.022981510695034693,0.0,0.21234161334793708,0.02937137085800047,2.423061751244404e-13
Gene52,6,1,1.0,"d1,d3",True,0.5743951669205857,0.0,0.0,1.0628947446131699e-78,3.176972739325745e-23,0.08933518324214826,0.013155576388660127,5.580647055580812e-12,0.5743951669205857,0.018911704946905555,0.0,-0.05016171857130833,0.026290430380084648,0.02819664692314161,0.4951324360694594,0.030981786830013548,0.0
Gene53,6,0,,,False,0.1327599503063808,0.0,,0.0,1.8591269299693114e-13,0.10254155415189223,0.008870503444340299,0.0,0.1286974905609496,0.013922001774536712,0.0,0.11876051324305552,0.015105934848900437,1.887379141862766e-15,0.1327599503063808,0.01874970583684043,7.174261185127762e-13
Gene54,6,0,,,False,0.03262793659130306,0.006213936786169272,,0.0,1.7414233388637412e-09,0.02464967836079579,0.009860832243630154,0.006213936786169272,-0.013429393170157938,0.01424356573206363,0.1728815599845166,-0.02964221749285627,0.017164973864106984,0.04209268598161575,-0.03262793659130306,0.01747630539997899,0.030952094789838513
Gene55,6,0,0.0,"d0,d1,d2,d3",True,0.22411482951601408,0.0,0.0,4.36334265415848e-25,1.5795777317048478e-10,0.21375298774292312,0.009151263618098872,0.0,0.22043087576510606,0.01129778413424153,0.0,0.2233701036363257,0.016221933950711843,0.0,0.22411482951601408,0.015574290867164735,0.0
Gene56,6,0,,,False,0.13119662618175074,0.0,,2.4119675313708202e-32,1.627129713774217e-08,0.0834662544672024,0.009613863427486071,0.0,0.13119662618175074,0.012850069439195883,0.0,0.09983650940870374,0.016454763926277826,6.502642868611019e-10,0.07526923588001659,0.0196330042826563,6.308644444513734e-05
Gene57,6,1,,,False,0.027837377421194093,0.01163928790565516,,3.57756491098371e-10,0.06256177836445616,0.013822948122615607,0.008463703997058602,0.05121313768639968,-0.027837377421194093,0.01226947777437231,0.01163928790565516,-0.009082912669660114,0.014608821295045654,0.26705587965035504,-0.011879792110767355,0.016686228363477842,0.23824727868009132
Gene58,6,0,,,False,0.020092578951767682,0.00018657459357784845,,3.43584004913744e-07,0.0003664351061975341,-0.018698822258129758,0.005254869408466204,0.00018657459357784845,-0.018594208530279974,0.00566748980702721,0.0005174658818893896,-0.020092578951767682,0.006178617659090312,0.0005730733236536389,-0.017572639652862824,0.00674066532267445,0.004567511872824226
Gene59,6,0,,,False,0.19168213856704322,0.0,,4.56885278256524e-46,1.3007204864693605e-13,0.11467582908838518,0.006950527474115443,0.0,0.13380492621840018,0.00727292022105996,0.0,0.19168213856704322,0.008334744038725875,0.0,0.18898569268675286,0.00833846125412363,0.0
Gene6,6,1,,,False,0.04881112602770127,0.0013575326015684563,,0.0,0.00028121756168936294,-0.004930300429720859,0.009822933361653203,0.3078628391871566,-0.04094743115549719,0.013656965632775346,0.0013575326015684563,-0.04881112602770127,0.016716305795564258,0.0017503205122211263,-0.007884973902773214,0.019829549275530194,0.34544867907422105
Gene60,6,0,0.0,d0,True,0.46467632482169274,0.0,0.0,0.0,5.5511151231258e-17,-0.46467632482169274,0.013077465863566153,0.0,-0.04483740960253726,0.018532081059028066,0.007772037865791059,0.06396770337990086,0.022788388810024433,0.0025000250437859917,0.04592773974504004,0.02669577631269755,0.04267876879611676
Gene61,6,0,,,False,0.14367581890257827,0.0,,2.7096718427594497e-34,0.00012677421111054193,0.12352794623165265,0.007173771245881079,0.0,0.13158573276395547,0.0076947153214717914,0.0,0.13963595636710455,0.008627719660055013,0.0,0.14367581890257827,0.00905495629248824,0.0
Gene62,6,1,,,False,0.055008780506402864,8.907250215850482e-06,,0.0,0.011313856510999552,0.0002955494259956176,0.009344873283304928,0.48738479324148026,-0.055008780506402864,0.0128205950666655,8.907250215850482e-06,0.006130429246297133,0.016233084927559864,0.3528451998551597,0.010321884961860189,0.019972550863889924,0.30264665479231523
Gene63,6,0,0.0,d0,True,0.2810298112637469,0.0,0.0,9.1518077330047e-60,2.6758409807506e-11,0.2810298112637469,0.012134676244103644,0.0,0.023889177753375453,0.017723509872586928,0.08884837046567601,0.05976950128971767,0.022321268433828617,0.0037065579700802376,0.05153654149617656,0.027623943907993036,0.03104535066856584
Gene64,6,1,,,False,0.0319395757221331,0.018318641173811323,,2.2204460492503099e-16,5.308941300975835e-05,-0.009343939103391182,0.009314721270627272,0.15789744574491593,0.026610036818250297,0.01273339611004079,0.018318641173811323,-0.0319395757221331,0.016314414212236047,0.02512956491835283,-0.00206626433692446,0.019266522710672637,0.4572967706908838
Gene65,6,0,,,False,0.11230483166845384,0.0,,3.04371841615052e-13,1.018370631063139e-05,0.08372547598387721,0.00800204097128617,0.0,0.11230483166845384,0.009770400848033468,0.0,0.11006025647773597,0.010976500746582933,0.0,0.09752280454663988,0.01321497639521576,7.932543510946743e-14
Gene66,6,0,,,False,0.09676666052169047,0.0,,0.0,2.0916852350715592e-16,0.07170623315762462,0.006029642528305104,0.0,0.07935499352908278,0.006240324457627601,0.0,0.08644504299267287,0.006469463552533918,0.0,0.09676666052169047,0.006763320162336742,0.0
Gene67,6,0,,,False,0.05851388136722552,7.620626352178306e-12,,0.0,2.285066902860127e-07,0.05158078855099413,0.007646600790267387,7.620626352178306e-12,0.005320085829826109,0.009678838686020992,0.2912757543401415,0.023875169849324248,0.010628986418462332,0.012344574486543636,0.05851388136722552,0.011721561862381847,2.9880679741634e-07
Gene68,6,0,0.0,d0,True,0.7054053186535999,0.0,0.0,0.0,0.0,-0.7054053186535999,0.01585454347429835,0.0,-0.13170674708479674,0.021362852987982243,3.5191993763561413e-10,-0.018018722155401273,0.025248743726162943,0.2377223522557208,0.015294109640894785,0.029140782828156315,0.29984886705830927
Gene69,6,2,,,False,0.09568245501779962,1.0232361069562046e-08,,0.0,5.547783614340749e-19,0.03877594164426092,0.009102952151674178,1.023458848004033e-05,0.020385431567115166,0.012304634469881231,0.04878724700815329,0.09568245501779962,0.0170616994346965,1.0232361069562046e-08,0.047364709064543306,0.018154909150491578,0.004541421144314384
Gene7,6,3,3.0,d3,True,0.4103743256539157,0.0,0.0,0.0,5.655287349526359e-11,0.0006646705206712059,0.0034373038040947687,0.42333470860755495,0.0015121373126262539,0.004523001216910514,0.36906842062884043,0.0022314347673301526,0.0061091658146050195,0.35745861436577,-0.4103743256539157,0.01356097125834835,0.0
Gene70,6,1,1.0,d1,True,0.5929334811250562,0.0,0.0,0.0,0.0,-0.05159838153318688,0.01130853816599587,2.5240248016089595e-06,-0.5929334811250562,0.017988338330632132,0.0,-0.031607366145433205,0.02418977126717313,0.09566719753425346,0.04175758884652222,0.028887061681988162,0.07415223084872635
Gene71,6,2,2.0,"d2,d3",True,0.8640573189454286,0.0,0.0,0.0,8.522036545949482e-37,0.03457798420703734,0.012351863951428895,0.002559770451381671,0.0045745497244589475,0.017702458404432884,0.3980439977318633,-0.6479128203836818,0.024882513193659028,0.0,0.8640573189454286,0.03391874684966409,0.0
Gene72,6,0,0.0,"d0,d1",True,0.5848274891513509,0.0,0.0,2.70347881324657e-115,4.4797057202302e-46,0.5848274891513509,0.01421702249474,0.0,0.24689823830820729,0.019206513723962038,0.0,0.11431152247138235,0.02316417788413445,4.01081495182698e-07,0.13164500623992625,0.02732732753258129,7.27426237578932e-07
Gene73,6,0,,,False,0.18245901660523806,0.0,,0.0,6.33284289944545e-11,0.11517201564319939,0.007166652378030953,0.0,0.14343743931871777,0.008222487925237573,0.0,0.18245901660523806,0.00994733424603434,0.0,0.1683225214043046,0.00975617450667071,0.0
Gene74,6,1,1.0,d1,True,0.5865035917881434,0.0,0.0,0.0,2.1762542771583e-31,-0.013923110832028551,0.012419260252302724,0.13112473705644756,-0.5865035917881434,0.01929421358171054,0.0,0.12395005318315003,0.024715436665149713,2.650480354637885e-07,0.13011969062980414,0.029578880116864766,5.435680841603396e-06
Gene75,6,2,2.0,"d2,d3",True,0.8587140426918013,0.0,0.0,0.0,0.0,0.09980684733704048,0.012572229983433793,9.992007221626409e-16,0.03489931846797346,0.018203449147778758,0.027607429938931227,-0.8587140426918013,0.025354026258445374,0.0,0.28786157685954294,0.032267366715985915,0.0
Gene76,6,0,,,False,0.06443223956811225,6.325873158630202e-11,,5.81784648833563e-51,5.476987862950775e-13,0.06443223956811225,0.010018540951714363,6.325873158630202e-11,0.05883226525505443,0.014396605164862844,2.1892947725921097e-05,-0.027392132290993736,0.01877395202953248,0.07227569095483366,0.023150102652678438,0.022692975816296382,0.15383009077389886
Gene77,6,0,,,False,0.18685825768017195,0.0,,0.0,0.0005419215474149866,-0.12119701122751866,0.006256645112513449,0.0,-0.15675423460741192,0.006932919224929602,0.0,-0.16492365380866963,0.0071696827707744635,0.0,-0.18685825768017195,0.007602308988908552,0.0
Gene78,6,0,,,False,0.05710363580596685,0.0,,0.0,1.480318993543905e-23,0.050704599092510516,0.0056861201352597975,0.0,0.056746624369917,0.005876578511319563,0.0,0.05343663080484233,0.005997487921798483,0.0,0.05710363580596685,0.006131878683864585,0.0
Gene79,6,0,0.0,"d0,d1,d3",True,0.7485064791693861,0.0,0.0,4.82781776829272e-118,3.064359578281719e-74,0.6500493739201018,0.015203787770634171,0.0,0.20377587684777812,0.021631606284104158,0.0,0.09944695394949815,0.026033276434330167,6.672752079467381e-05,0.7485064791693861,0.031197348054810954,0.0
Gene8,6,0,,,False,0.10287633330336371,0.0,,8.671724253147961e-20,2.1680139756899987e-08,0.10287633330336371,0.010540277818100319,0.0,0.049855071156932905,0.01524272935360571,0.0005363241216326808,0.05109756079520905,0.01872283716576343,0.003174823964712359,0.08415217786579739,0.02145580151461407,4.388705568453277e-05
Gene80,6,1,,,False,0.036734005226939155,0.0017956541444115182,,0.0,0.00092938985312,-0.01419874265117538,0.009201440691037363,0.06140326369026372,0.036734005226939155,0.012614730468824383,0.0017956541444115182,-0.005539188785961533,0.014926400068797294,0.35528148259164916,-0.0016823024229979644,0.018424995183228734,0.46362494495573203
Gene81,6,0,,,False,0.1112769624761811,0.0,,0.0,0.00258871142874765,0.08962520924913374,0.00718053942626126,0.0,0.10198901939939031,0.007674040941127462,0.0,0.11002084867678574,0.008025068060778677,0.0,0.1112769624761811,0.008218670485224656,0.0
Gene82,6,2,,,False,0.09116261926378497,0.0,,1.47967796891494e-19,4.978259094724845e-05,0.043011680034351005,0.006737627640049497,8.637224269136823e-11,0.06131804441184989,0.007386462480864494,5.551115123125783e-17,0.0656989036898906,0.007887316911914794,0.0,0.09116261926378497,0.008682357746113091,0.0
Gene83,6,0,,,False,0.08731715407176892,0.0,,0.0,4.8480641284972104e-09,-0.08731715407176892,0.009796460663321922,0.0,-0.03841147668944955,0.013516508165545227,0.0022428438968277176,-0.016143836045553996,0.017758015438355975,0.18164831151084004,-0.056296157150773345,0.020911322028108206,0.0035497819180532186
Gene84,6,0,1.0,d1,True,0.42545737884821,0.0,0.0,4.02285661969786e-60,7.631680139250956e-26,0.11361414764461075,0.011807183404605263,0.0,0.42545737884821,0.01628769302262285,0.0,0.07432907181411265,0.020907842886602974,0.00018893144107740012,0.04314475882927918,0.026795474173655083,0.05368245066085431
Gene85,6,0,,,False,0.11474267691907854,0.0,,0.0,7.815371966569646e-20,0.10940236305218212,0.006780196978308376,0.0,0.11474267691907854,0.007205552514026065,0.0,0.09589177359366093,0.008344979225697657,0.0,0.10879690539626077,0.008425892990001802,0.0
Gene86,6,0,,,False,0.07257227654940158,0.0,,8.9388385930409e-37,1.3133564937300652e-08,0.06276201646310779,0.006840852529399198,0.0,0.06848489853889879,0.00748688158549936,0.0,0.05456742557238601,0.00831254078801523,2.6109114870109806e-11,0.07257227654940158,0.008448030423768193,0.0
Gene87,6,1,,,False,0.05963321498773234,9.27354085744625e-07,,7.18899384466454e-11,5.3723033525386975e-05,-0.01941436427958027,0.00866670392362598,0.012541913139720307,-0.05963321498773234,0.012505279287638406,9.27354085744625e-07,-0.029515934711087526,0.015393915766261947,0.02759504895191489,-0.012520699364937195,0.018454679911321725,0.24874111662831233
Gene88,6,0,,,False,0.19510190380687722,0.0,,9.519847161579789e-62,4.300752857566706e-06,0.11803293177448893,0.006798030268420112,0.0,0.1658526042309463,0.007664477944273641,0.0,0.1774489650034565,0.007903252775873643,0.0,0.19510190380687722,0.008267554113408014,0.0
Gene89,6,1,,,False,0.09492419606246717,6.494804694057166e-15,,1.30622860925766e-27,2.2421983661739057e-06,0.05639698848312696,0.008794528378179702,7.146550018433118e-11,0.09492419606246717,0.012318282836767778,6.494804694057166e-15,0.0824383976136288,0.015629900950863633,6.659444373724455e-08,0.055160804621045396,0.018447124326270464,0.00139392138081057
Gene9,6,0,0.0,d0,True,0.24243636996005682,0.0,0.0,1.36771453939373e-58,4.987717432504913e-16,0.24243636996005682,0.011506852468954403,0.0,0.0634003719635898,0.016863496631247775,8.508515854588339e-05,-0.045170071513611285,0.021550736395119098,0.018041655231071263,0.05960644563498089,0.025828240772406173,0.010505097449517109
Gene90,6,0,,,False,0.061325780511678044,3.0739200074236805e-10,,0.0,1.5187359037049914e-08,-0.061325780511678044,0.009912690249018393,3.0739200074236805e-10,0.003065238866037807,0.013879282995243129,0.41260463711961703,-0.04054697726247767,0.017849667171577325,0.01155589367290788,-0.03754046928002029,0.021064732224895813,0.03736255436203306
Gene91,6,0,,,False,0.10041935450319736,0.0,,1.3406501938215201e-45,7.677938837261431e-11,0.10041935450319736,0.0066287731428311125,0.0,0.08948739814766507,0.0075977516281605356,0.0,0.0810516402217635,0.00802373063526715,0.0,0.06089071724825429,0.008846054445360931,2.922551090023262e-12
Gene92,6,2,2.0,d2,True,0.7739104204178046,0.0,0.0,0.0,5.060942357561406e-55,0.08277685587037314,0.012319598782245788,9.141298829007383e-12,0.11737003662877421,0.016596169218578715,7.629452625224076e-13,0.7739104204178046,0.022660800883484968,0.0,0.09431923892281505,0.027476788760128334,0.0002988148603751406
Gene93,6,0,,,False,0.14717391900666468,0.0,,0.0,2.284829142058193e-06,0.08535428808083531,0.008048320452432629,0.0,0.14717391900666468,0.009781240492424783,0.0,0.09650577191732063,0.012313257414017035,2.3314683517128287e-15,0.08941526749792318,0.01446762806562518,3.1976143954892677e-10
Gene94,6,1,,,False,0.04167722748355162,6.533683338805218e-08,,5.3081606920818504e-21,4.221436324178688e-08,0.03461621663979486,0.006775363800466696,1.6182253320673468e-07,0.03907456553373261,0.007403432270309783,6.533683338805218e-08,0.024609966462705468,0.00815259453722104,0.001269447982069849,0.04167722748355162,0.008428391073352342,3.809898706519377e-07
Gene95,6,2,,,False,0.04896071900716307,0.0019793305996730903,,0.0,8.877373386804236e-05,-0.01720868012455181,0.009827408903091008,0.03996518085847833,0.007230760187776552,0.01323134931563094,0.2923656160507643,0.04896071900716307,0.016991770323771513,0.0019793305996730903,-0.006711126660161,0.020637321844042086,0.3725172453542901
Gene96,6,0,2.0,d2,True,0.815156304545817,0.0,0.0,0.0,0.0,0.15041102632083747,0.011088849800203828,0.0,0.11451395819664803,0.015803683905122053,2.1460611066004276e-13,-0.815156304545817,0.022524208876562354,0.0,0.0726239099294821,0.028873260593659047,0.005947142399858163
Gene97,6,2,,,False,0.040465428303971346,1.3157169798105883e-08,,0.0,2.5498182337933097e-10,0.031460423228259864,0.006531564687247139,7.298513626796677e-07,0.030942174615245874,0.006863904609855622,3.272769300621814e-06,0.040465428303971346,0.00727227553095744,1.3157169798105883e-08,0.034729909160266456,0.007491803936640891,1.77848154525595e-06
Gene98,6,0,,,False,0.04146974342652674,3.173896478203542e-05,,1.40545155854568e-52,3.0281999130465913e-11,-0.04146974342652674,0.010368746271334474,3.173896478203542e-05,0.03857185069448882,0.014051283851722416,0.0030248386305299357,0.0038381557303415414,0.017160354142636426,0.4115093283357206,-0.0012144319201162494,0.019745938730250472,0.47547936405282765
Gene99,6,3,,,False,0.0637522392142949,1.2501623052663113e-05,,1.1490808304870398e-12,1.4549309564096245e-07,0.01564484665175796,0.008741864493471698,0.03675538404936596,0.05027992303415736,0.011968357117756252,1.3282738114295256e-05,0.05173539478692888,0.012393489725844892,1.4938561158306385e-05,0.0637522392142949,0.015125910468886353,1.2501623052663113e-05
