guide,gene,betahat_d0,betahat_d1,betahat_d2,betahat_d3,se_d0,se_d1,se_d2,se_d3
g1,Gene1,0.08332254,0.095610514,0.084720485,0.111195676,0.018795803,0.025890168,0.035014782,0.042992476
g10,Gene10,0.8376074,0.29007515,0.03795959,0.16315182,0.028768077,0.036942635,0.046385426,0.05282496
g100,Gene100,-0.08833181,-0.15211053,-0.0866994,-0.08622055,0.018906066,0.025964545,0.032296054,0.041806012
g101,Gene1,0.34319574,0.35548344,0.34459352,0.3710685,0.019104924,0.027369518,0.03623163,0.044325642
g102,Gene2,-0.018606946,0.022301411,0.6114403,0.02935212,0.019256439,0.026343063,0.035425633,0.044574235
g103,Gene3,0.042211477,-0.32544306,0.07101985,0.89654005,0.019185653,0.030840738,0.03931475,0.051436227
g104,Gene4,-0.0153770745,-0.028245045,0.0059067756,-0.029483587,0.019324504,0.026761035,0.03428139,0.041463073
g105,Gene5,-0.122276105,-0.14436387,-0.13418613,-0.15148716,0.019352825,0.027236609,0.036026035,0.04508722
g106,Gene6,-0.47450718,-0.5125925,-0.5172743,-0.4682973,0.020284144,0.02773981,0.03443557,0.041989483
g107,Gene7,-0.17184512,-0.16192354,-0.15580243,-0.57666254,0.018555852,0.0244313,0.032367803,0.0397241
g108,Gene8,-0.15898113,-0.20653997,-0.20356548,-0.16472337,0.0208286,0.029728334,0.03776493,0.04499613
g109,Gene9,0.22060573,0.040428218,-0.07319479,0.030871427,0.019217737,0.028338887,0.036720563,0.043676827
g11,Gene11,-0.77178025,-0.1286977,-0.003222145,-0.03018196,0.025915118,0.036840927,0.042668734,0.04713481
g110,Gene10,1.0139537,0.4664211,0.21430552,0.33949775,0.027520454,0.03660974,0.045571256,0.051788025
g111,Gene11,-0.67983377,-0.03675197,0.08872354,0.061763883,0.025281593,0.036435433,0.042490788,0.04734776
g112,Gene12,0.25828755,0.23762092,0.27170333,0.21616203,0.019991698,0.026880536,0.033862203,0.042745225
g113,Gene13,0.028886244,0.014080702,0.0019794782,-0.0014584246,0.019841854,0.0285498,0.03587418,0.04444057
g114,Gene14,0.1424295,0.15924872,0.18881159,0.13926348,0.017824875,0.025540952,0.032764055,0.039325308
g115,Gene15,0.13790701,-0.38829198,0.8252514,-0.33983722,0.018553851,0.029019136,0.043515902,0.054564323
g116,Gene16,0.1094736,0.07881699,0.10001066,0.7463321,0.018874269,0.027288651,0.036860522,0.04781114
g117,Gene17,0.23246849,0.15894598,0.119306445,0.16966318,0.019478375,0.02658365,0.0347365,0.040836517
g118,Gene18,-0.34754297,-0.28948945,0.36691487,-0.38116756,0.02212074,0.030077064,0.039728023,0.049695097
g119,Gene19,0.01802356,-0.04940369,-0.00867955,-0.0050458345,0.019955397,0.027890814,0.035860293,0.043487336
g12,Gene12,-0.09582501,-0.11649189,-0.08240939,-0.13795066,0.019791527,0.02788099,0.035063937,0.043676242
g120,Gene20,-0.12046216,-0.112662196,-0.080012366,-0.11450594,0.02011362,0.027359534,0.03399868,0.044236593
g121,Gene21,0.3186132,0.3504815,0.3149464,0.30767417,0.019295892,0.026699904,0.03414417,0.040613893
g122,Gene22,0.18857521,0.61667675,0.19566628,0.109878235,0.020535586,0.030986836,0.03966949,0.048130643
g123,Gene23,-0.4261633,0.030646414,0.17591996,0.12514187,0.022015598,0.031277187,0.038169507,0.045850858
g124,Gene24,0.40574414,0.39197806,0.45285314,0.4371807,0.019149253,0.026479196,0.03490492,0.041700743
g125,Gene25,-0.11018652,-0.05135462,-0.09050526,-0.09054838,0.019898644,0.028189106,0.03615442,0.043469243
g126,Gene26,0.15317617,0.14201905,0.16491877,0.19360942,0.018364772,0.027044566,0.034761406,0.043629058
g127,Gene27,0.17220318,0.17812492,0.1930423,0.12877224,0.020324813,0.027124586,0.03503214,0.043545395
g128,Gene28,-0.17168759,-0.16747963,-0.14986312,-0.14535752,0.020978503,0.02795104,0.03534746,0.04188493
g129,Gene29,0.1714529,0.15839808,0.18129028,0.14389257,0.019192636,0.026015203,0.03257576,0.04001932
g13,Gene13,0.19695388,0.18214831,0.17004706,0.16660923,0.018579323,0.02787397,0.035182636,0.043812063
g130,Gene30,0.17059427,0.17650233,0.2027915,0.16933851,0.02056629,0.029987684,0.037600666,0.04388566
g131,Gene31,-0.3925309,-0.3791545,-0.37531054,-0.35649344,0.019887008,0.027006347,0.03604429,0.044508796
g132,Gene32,-0.3541826,-0.3634211,-0.30726898,0.10089419,0.020377165,0.027434027,0.03461924,0.0442346
g133,Gene33,0.17588928,0.19810179,0.16428132,0.11967073,0.018979201,0.026430584,0.03475803,0.042036764
g134,Gene34,0.08578896,0.07707876,-0.36829263,0.092619024,0.020501561,0.02755278,0.034779254,0.043472648
g135,Gene35,0.12268339,0.12182701,0.121022746,0.10810933,0.018877432,0.026381439,0.033890814,0.042984795
g136,Gene36,0.031879768,0.06412246,0.010414524,-0.22185214,0.01864539,0.024859495,0.033099264,0.043259542
g137,Gene37,0.07055829,0.37359878,0.013327133,-0.0053639435,0.019318042,0.029220963,0.038458627,0.04540453
g138,Gene38,-0.15061563,-0.1838922,-0.22458003,-0.1781757,0.01834131,0.026414648,0.033548396,0.04246269
g139,Gene39,0.16025579,0.21123902,0.23014447,0.20201045,0.01843451,0.026440538,0.035336193,0.043320376
g14,Gene14,-0.018170983,-0.0013519056,0.028211074,-0.021337206,0.018161066,0.025422238,0.03275664,0.039242245
g140,Gene40,-0.10944987,-0.12188304,-0.13932781,-0.103829876,0.01906983,0.026699802,0.034626752,0.04248027
g141,Gene41,0.31040275,0.37798184,0.40005872,0.38138828,0.018794576,0.026924247,0.03557689,0.043157477
g142,Gene42,-0.18529777,-0.16059402,-0.16848847,-0.16059035,0.02010359,0.027566418,0.03592169,0.045265406
g143,Gene43,-0.30899805,-0.34748846,-0.2887523,-0.3402844,0.018850029,0.025109293,0.03277623,0.0404996
g144,Gene44,-0.026263285,-0.018928317,0.19831955,-0.03080143,0.018398572,0.025338566,0.03401686,0.040369026
g145,Gene45,-0.05217304,-0.029420173,-0.050301578,-0.0465154,0.018428942,0.025585126,0.033677217,0.04124834
g146,Gene46,0.051645894,-0.68094677,0.06512431,0.116705514,0.019323675,0.03228825,0.042242564,0.050059527
g147,Gene47,-0.3293916,0.08090106,-0.35962936,-0.38281846,0.020439407,0.029392676,0.0381745,0.04599887
g148,Gene48,0.46760803,0.4481152,0.4291158,0.45961872,0.01958791,0.02695943,0.033580154,0.041989088
g149,Gene49,0.31262365,0.07091425,0.015616147,0.005865837,0.020108098,0.027985813,0.0354321,0.04265725
g15,Gene15,0.08769245,-0.4385062,0.775037,-0.39005193,0.019374108,0.029647624,0.04380195,0.055100817
g150,Gene50,-0.19650744,-0.18325347,-0.14553648,-0.1692936,0.018312903,0.02548989,0.033464763,0.042218994
g151,Gene51,0.27753556,0.22222589,-0.580249,0.28819317,0.020663664,0.02826454,0.037702825,0.048380245
g152,Gene52,0.1757028,0.6648751,0.04325003,0.59124404,0.022048831,0.03143486,0.044169735,0.05210886
g153,Gene53,-0.11170441,-0.065409236,-0.08688545,-0.05159388,0.020014465,0.02775385,0.037593048,0.044480346
g154,Gene54,0.26809135,0.22422962,0.19998293,0.20380113,0.019382669,0.025657985,0.034066867,0.040712215
g155,Gene55,0.2812017,0.26710507,0.22450967,0.24070932,0.019313112,0.026797613,0.034890234,0.042948514
g156,Gene56,0.23938298,0.27968657,0.24960244,0.22869961,0.019255757,0.02666661,0.035059705,0.041729048
g157,Gene57,0.07986384,0.033824198,0.05575583,0.050726324,0.018028654,0.025909333,0.03283352,0.03838525
g158,Gene58,0.010558177,0.012764286,0.010779237,0.01952587,0.018076077,0.024881683,0.033192355,0.04039456
g159,Gene59,-0.1941455,-0.18994534,-0.1443955,-0.15532249,0.02027533,0.026955899,0.036961515,0.04431185
g16,Gene16,0.12489282,0.09423632,0.11542986,0.76175094,0.018985976,0.02756277,0.03652689,0.047420003
g160,Gene60,-0.72280586,-0.29988042,-0.18573883,-0.20456147,0.022508752,0.031272978,0.03799489,0.044770144
g161,Gene61,0.21926825,0.2120763,0.18521349,0.17562822,0.019463373,0.027597053,0.034488067,0.04054301
g162,Gene62,-0.06952383,-0.122622676,-0.052937973,-0.04313768,0.018573174,0.025944676,0.033715647,0.04297987
g163,Gene63,0.19025931,-0.069164276,-0.03581872,-0.04660962,0.020743877,0.030220507,0.038266297,0.047119536
g164,Gene64,-0.33784863,-0.29907867,-0.36196485,-0.32884455,0.020659687,0.027524985,0.03592783,0.04361484
g165,Gene65,0.13018638,0.16267213,0.16020492,0.1439419,0.020474408,0.028417459,0.034465887,0.042699147
g166,Gene66,0.10218978,0.11608168,0.12972681,0.15618776,0.017865887,0.025011837,0.033817463,0.042431723
g167,Gene67,0.2523405,0.22723792,0.2410926,0.26430947,0.019354943,0.026409462,0.033507317,0.041648764
g168,Gene68,-0.552363,0.019671477,0.13394736,0.16718747,0.026306769,0.035498,0.04199523,0.048308495
g169,Gene69,-0.16403653,-0.17753395,-0.12295729,-0.16732611,0.017983936,0.025991462,0.03342183,0.040363193
g17,Gene17,0.36377287,0.29025066,0.250611,0.30096778,0.019253,0.026855914,0.03566935,0.04148845
g170,Gene70,-0.07895309,-0.626288,-0.06466753,0.009391244,0.018949885,0.030314231,0.040232494,0.047785133
g171,Gene71,0.23218162,0.2033026,-0.4453228,1.0745765,0.020272458,0.029074082,0.04139533,0.056840155
g172,Gene72,0.62013537,0.28258288,0.14947706,0.16815302,0.023408813,0.031552225,0.037884045,0.04472007
g173,Gene73,0.15923136,0.16928716,0.20929503,0.17389518,0.01830211,0.026448932,0.034460906,0.042355318
g174,Gene74,0.36671495,-0.20582815,0.50548375,0.5110804,0.02117717,0.032817736,0.04219188,0.050333336
g175,Gene75,0.07448507,0.008311915,-0.8876663,0.25974092,0.020757467,0.030208638,0.042223856,0.05375409
g176,Gene76,0.17963858,0.17266639,0.07539132,0.12630074,0.018142227,0.026630456,0.03508252,0.04321122
g177,Gene77,-0.034378458,-0.051895663,-0.047616974,-0.05970288,0.019316955,0.027036563,0.034600668,0.04228742
g178,Gene78,0.26394022,0.27263606,0.25291714,0.26346672,0.019455252,0.027541624,0.03578337,0.044960704
g179,Gene79,0.31117445,-0.13154194,-0.233127,0.42136845,0.025697324,0.03663575,0.04395057,0.05275417
g18,Gene18,0.40924856,0.4673016,1.1237054,0.3756234,0.019650625,0.027486749,0.037799854,0.04810308
g180,Gene80,0.0069163074,0.06633698,0.022197522,0.028304804,0.019255066,0.027070466,0.032652915,0.041623984
g181,Gene81,0.5578313,0.5757101,0.5841137,0.57151806,0.020410115,0.027016185,0.033746336,0.042134505
g182,Gene82,0.17736593,0.19369215,0.19320363,0.22610174,0.01933438,0.026334297,0.035502717,0.04270748
g183,Gene83,-0.037525367,0.0073523866,0.035553563,0.0012824081,0.018562727,0.025539791,0.034024104,0.042604465
g184,Gene84,-0.057834167,0.2545474,-0.09286857,-0.1439919,0.01998194,0.027164178,0.036710717,0.044836394
g185,Gene85,0.24543926,0.24321063,0.20259532,0.21968627,0.019764706,0.027334074,0.035355385,0.04380041
g186,Gene86,0.24023554,0.24571212,0.22215098,0.25912458,0.019428793,0.026682016,0.0335117,0.041163687
g187,Gene87,-0.11193875,-0.15074407,-0.12224765,-0.10430031,0.018952759,0.027289193,0.03449719,0.042337194
g188,Gene88,0.50185156,0.5220445,0.5196972,0.51908004,0.02079871,0.027778497,0.034601953,0.043302435
g189,Gene89,-0.11001588,-0.07027469,-0.087146476,-0.114126824,0.018686116,0.026071267,0.03454359,0.041761857
g19,Gene19,-0.059942402,-0.12736967,-0.08664553,-0.083011866,0.019721776,0.02808803,0.036192108,0.043400303
g190,Gene90,-0.13859838,-0.07253534,-0.12188429,-0.12174649,0.019074056,0.027079226,0.03553978,0.042731185
g191,Gene91,0.024044983,0.0011955709,-0.0074348846,-0.032587558,0.01874089,0.02586886,0.033640888,0.043681283
g192,Gene92,-0.15918387,-0.124425896,0.5373086,-0.13729116,0.020652229,0.027801992,0.03811018,0.045794442
g193,Gene93,0.0334342,0.06450145,0.030882616,0.024890369,0.01809291,0.02535097,0.03317772,0.040647395
g194,Gene94,0.20657906,0.2042644,0.17803806,0.1973812,0.01994342,0.027203247,0.033348687,0.04075126
g195,Gene95,0.093904294,0.12634233,0.17559342,0.12017269,0.018024981,0.024886692,0.032347087,0.041003846
g196,Gene96,0.23863283,0.20057587,-0.7335059,0.15364783,0.0185996,0.026544426,0.037487645,0.048444036
g197,Gene97,0.1884107,0.19019443,0.21781214,0.21161813,0.018610392,0.027041115,0.034935325,0.04159205
g198,Gene98,-0.22777432,-0.14404395,-0.18006963,-0.18358165,0.019394891,0.026777357,0.033430237,0.038814496
g199,Gene99,-0.1947781,-0.15443243,-0.15305367,-0.11879809,0.020594714,0.027308552,0.03501852,0.044626825
g2,Gene2,0.0490035,0.089911886,0.6790509,0.09696259,0.019480623,0.026358463,0.035096243,0.044960067
g20,Gene20,0.07696735,0.084767215,0.11741708,0.082923666,0.019285329,0.026953362,0.03363997,0.043478075
g200,Gene100,0.13704896,0.07327017,0.13868132,0.13916025,0.018644491,0.026089549,0.032503318,0.042002555
g201,Gene1,0.03194321,0.044231124,0.03334121,0.059816226,0.018648895,0.02656029,0.035114154,0.04337861
g202,Gene2,0.11410244,0.1550107,0.74415,0.16206153,0.019995525,0.026884142,0.035656065,0.045152
g203,Gene3,0.23162225,-0.13603225,0.26043066,1.0859512,0.01954363,0.030940725,0.039245192,0.051565316
g204,Gene4,0.119764246,0.10689631,0.14104818,0.10565768,0.018795192,0.026307138,0.033240344,0.0406714
g205,Gene5,0.01666393,-0.0054238667,0.00475386,-0.012547101,0.019822989,0.027405364,0.03609854,0.045397315
g206,Gene6,0.011025784,-0.027059542,-0.031741336,0.01723542,0.019446282,0.027041536,0.03392701,0.041986838
g207,Gene7,0.049454246,0.05937569,0.06549696,-0.35536307,0.017221307,0.023603383,0.031511027,0.039255112
g208,Gene8,0.25378463,0.20622566,0.20920017,0.24804209,0.021054765,0.029521417,0.038061142,0.04556184
g209,Gene9,0.2641507,0.08397322,-0.029649857,0.074416384,0.01926892,0.02858817,0.036779936,0.04424643
g21,Gene21,0.08160173,0.113469906,0.07793466,0.07066273,0.018211117,0.026252177,0.03352875,0.0400233
g210,Gene10,0.89113075,0.34359792,0.091482356,0.21667446,0.02795693,0.03562085,0.04480148,0.050856944
g211,Gene11,-0.49754322,0.145539,0.27101475,0.24405482,0.026375584,0.036760163,0.04264214,0.047341052
g212,Gene12,0.11044331,0.08977645,0.12385894,0.06831766,0.0198665,0.027287154,0.034222443,0.043090954
g213,Gene13,0.4454288,0.43062332,0.41852227,0.4150847,0.019947207,0.028556181,0.035504613,0.044386484
g214,Gene14,0.15831786,0.17513695,0.20470004,0.15515156,0.01866477,0.026139958,0.032908842,0.039664757
g215,Gene15,0.3773122,-0.14888692,1.0646565,-0.10043239,0.020309392,0.030441266,0.044609185,0.055851266
g216,Gene16,0.0410233,0.010366735,0.031560346,0.6778818,0.01879945,0.027329689,0.036357492,0.047481626
g217,Gene17,-0.06124956,-0.1347721,-0.17441179,-0.12405497,0.01952435,0.027369812,0.035605785,0.041134343
g218,Gene18,0.07921456,0.13726813,0.7936727,0.04558997,0.019665677,0.028435182,0.038186703,0.048552603
g219,Gene19,-0.2849807,-0.35240823,-0.31168395,-0.30805025,0.020054024,0.027926363,0.03579441,0.04343004
g22,Gene22,0.20452279,0.6326247,0.21161407,0.12582585,0.021763852,0.03147418,0.0403414,0.04876216
g220,Gene20,0.16494082,0.1727406,0.20539047,0.17089693,0.020207608,0.027876414,0.034711145,0.044412635
g221,Gene21,0.027343713,0.059211906,0.023676643,0.016404655,0.018420363,0.026317399,0.033692174,0.039803244
g222,Gene22,0.17148803,0.59958965,0.17857921,0.09279115,0.021340324,0.031284902,0.040299777,0.049108837
g223,Gene23,-0.34042972,0.11638042,0.26165378,0.21087557,0.021821225,0.031402312,0.038073912,0.0455706
g224,Gene24,0.18626326,0.17249689,0.23337208,0.21769987,0.019385984,0.026793007,0.034963973,0.04209402
g225,Gene25,-0.023275573,0.035556275,-0.003594363,-0.0036374696,0.019269211,0.027666833,0.035887048,0.04325891
g226,Gene26,0.24652183,0.23536478,0.25826448,0.28695527,0.017212486,0.026360456,0.03367335,0.042651694
g227,Gene27,0.21557073,0.2214921,0.23640959,0.17213954,0.019651325,0.026234232,0.034309436,0.042663824
g228,Gene28,-0.0035421704,0.0006657882,0.018282315,0.022787899,0.020539928,0.027203059,0.03524776,0.04175426
g229,Gene29,0.07481491,0.061760064,0.08465234,0.047254495,0.018978918,0.025980033,0.032753244,0.03989794
g23,Gene23,-0.78386205,-0.32705295,-0.18177961,-0.2325577,0.022233171,0.03113414,0.038552985,0.046259344
g230,Gene30,-0.1406026,-0.13469468,-0.10840548,-0.1418584,0.019312076,0.029318485,0.037319914,0.043548938
g231,Gene31,-0.24759932,-0.23422284,-0.2303792,-0.21156195,0.01920475,0.02731096,0.03609251,0.04450046
g232,Gene32,0.07992628,0.07068735,0.12683979,0.5350028,0.020076105,0.027040426,0.034016363,0.04369616
g233,Gene33,0.18541998,0.20763263,0.17381208,0.12920167,0.019083764,0.026833188,0.035123013,0.042523883
g234,Gene34,-0.11310309,-0.12181296,-0.56718475,-0.10627277,0.019975515,0.026806189,0.034874175,0.043302868
g235,Gene35,0.19149718,0.19064099,0.18983647,0.17692325,0.018465491,0.025950775,0.03372829,0.042876545
g236,Gene36,0.2138773,0.24612005,0.19241227,-0.039854664,0.018426016,0.025538983,0.033532508,0.04312495
g237,Gene37,0.5987344,0.9017755,0.5415036,0.5228127,0.020330623,0.029347222,0.03793795,0.044857472
g238,Gene38,-0.108333215,-0.1416098,-0.18229762,-0.13589326,0.018579723,0.026314184,0.032825224,0.041867215
g239,Gene39,-0.0032928318,0.047690436,0.066595815,0.038461782,0.018787792,0.026920944,0.035967607,0.044089176
g24,Gene24,0.122268,0.10850189,0.16937709,0.15370478,0.019518236,0.027316585,0.03553187,0.042589117
g240,Gene40,0.32367423,0.31124154,0.29379672,0.3292946,0.019650573,0.027350103,0.035104726,0.04278433
g241,Gene41,0.25755727,0.3251368,0.34721333,0.32854265,0.01886971,0.026797025,0.035097387,0.042606823
g242,Gene42,-0.2010828,-0.17637889,-0.18427339,-0.17637534,0.020102335,0.026926793,0.035652444,0.044956915
g243,Gene43,0.14330836,0.104817934,0.16355434,0.11202219,0.018792624,0.02524789,0.032359652,0.040125374
g244,Gene44,0.14452887,0.15186377,0.36911148,0.13999055,0.018929584,0.025576966,0.034303606,0.0401216
g245,Gene45,0.19541937,0.21817225,0.19729094,0.20107685,0.01917683,0.026360666,0.03425773,0.04155797
g246,Gene46,0.22732294,-0.50527024,0.24080168,0.29238257,0.019348457,0.03230199,0.04199372,0.049699754
g247,Gene47,0.12852438,0.538817,0.09828659,0.07509783,0.01904729,0.02872356,0.037675343,0.04525984
g248,Gene48,-0.081569865,-0.10106275,-0.12006197,-0.08955916,0.018142207,0.025777217,0.032715168,0.04072164
g249,Gene49,0.3930688,0.15135963,0.09606153,0.08631121,0.019486815,0.02764817,0.035126533,0.04233403
g25,Gene25,-0.0008046911,0.05802716,0.018876523,0.018833421,0.018754972,0.02721978,0.03522524,0.042577486
g250,Gene50,0.05468329,0.06793735,0.1056543,0.081897445,0.018435156,0.02549497,0.03300523,0.041778274
g251,Gene51,0.043033566,-0.012275906,-0.81475085,0.053691108,0.020454237,0.028025376,0.03786366,0.04860353
g252,Gene52,-0.10805063,0.38112116,-0.24050348,0.3074909,0.02219006,0.03161368,0.043951064,0.052022282
g253,Gene53,0.123823576,0.17011884,0.14864264,0.1839341,0.019182628,0.026633,0.03650175,0.043672938
g254,Gene54,-0.28169253,-0.32555434,-0.349801,-0.34598282,0.020557083,0.027546491,0.035032604,0.041529957
g255,Gene55,0.20269288,0.18859601,0.14600053,0.16220057,0.018833548,0.025404617,0.03374746,0.041664675
g256,Gene56,-0.1855503,-0.14524676,-0.17533082,-0.19623367,0.019273775,0.026566561,0.03459759,0.041935544
g257,Gene57,0.02008535,-0.02595428,-0.0040226984,-0.009052193,0.0172485,0.025165703,0.032233693,0.037954472
g258,Gene58,-0.08791213,-0.08570604,-0.087691024,-0.07894448,0.018973751,0.025321437,0.03315822,0.040561892
g259,Gene59,0.22466221,0.2288625,0.27441245,0.26348522,0.01927595,0.026289213,0.036674816,0.043635987
g26,Gene26,-0.0941783,-0.10533545,-0.08243576,-0.053745013,0.018978346,0.027159117,0.034389585,0.04292343
g260,Gene60,-0.21318579,0.20973934,0.323881,0.30505842,0.020569613,0.02975453,0.037365776,0.044014182
g261,Gene61,0.06600995,0.058817923,0.03195527,0.022369886,0.01926705,0.027439887,0.033650726,0.03968502
g262,Gene62,0.027382981,-0.025715843,0.043968823,0.05376916,0.018993504,0.026841924,0.034435984,0.043620545
g263,Gene63,0.115093455,-0.14433023,-0.11098467,-0.12177561,0.020461282,0.02968132,0.03782591,0.04747354
g264,Gene64,0.1415187,0.18028869,0.11740226,0.15052272,0.01877035,0.02622967,0.035040513,0.0423321
g265,Gene65,0.11156508,0.14405096,0.14158358,0.12532072,0.019737503,0.0275782,0.033942778,0.042421043
g266,Gene66,-0.3016308,-0.287739,-0.2740936,-0.24763268,0.019335972,0.026993163,0.03524633,0.04352611
g267,Gene67,-0.023261717,-0.048364513,-0.034509957,-0.011292811,0.018715737,0.0258391,0.032964278,0.04072903
g268,Gene68,-0.5906111,-0.018576682,0.09569917,0.1289393,0.02623247,0.035073336,0.04156286,0.04842861
g269,Gene69,0.3849822,0.37148464,0.4260614,0.38169256,0.018825255,0.026656328,0.033721928,0.040871784
g27,Gene27,0.30160624,0.3075279,0.3224452,0.25817522,0.020360142,0.027092854,0.035556097,0.043606248
g270,Gene70,-0.16439335,-0.7117283,-0.1501077,-0.076049015,0.018754441,0.030237308,0.04044859,0.048213966
g271,Gene71,-0.028260304,-0.057139505,-0.70576453,0.8141347,0.020540083,0.029316349,0.041334555,0.05631768
g272,Gene72,0.39018407,0.052631866,-0.08047397,-0.06179821,0.023501858,0.031726245,0.038423676,0.045316543
g273,Gene73,-0.06553627,-0.05548067,-0.015472486,-0.050872345,0.019440273,0.027715445,0.035883352,0.04353029
g274,Gene74,0.21800996,-0.35453355,0.35677847,0.36237517,0.020436296,0.031638443,0.040496517,0.048755128
g275,Gene75,-0.026349222,-0.09252237,-0.9885001,0.15890677,0.021505423,0.030709172,0.04235985,0.054277636
g276,Gene76,0.124874495,0.11790231,0.020627348,0.07153679,0.019121079,0.027393594,0.03518405,0.043260008
g277,Gene77,-0.22139716,-0.23891428,-0.23463573,-0.2467215,0.018385435,0.026123859,0.033760548,0.041506756
g278,Gene78,-0.05643635,-0.047740635,-0.06745925,-0.056909945,0.018452773,0.026703978,0.035578456,0.04494191
g279,Gene79,0.5240308,0.0813141,-0.02027079,0.6342246,0.025354035,0.03601059,0.043476038,0.05187352
g28,Gene28,-0.24229501,-0.23808707,-0.22047058,-0.21596499,0.021254797,0.028045988,0.035468664,0.04199772
g280,Gene80,0.028552713,0.08797343,0.043833952,0.049941257,0.019146705,0.026368707,0.031896852,0.040205397
g281,Gene81,0.28533196,0.30321103,0.31161526,0.2990192,0.020276442,0.027445173,0.034738827,0.04295943
g282,Gene82,0.0967958,0.11312205,0.112633586,0.1455316,0.019561328,0.025828633,0.035499074,0.042578306
g283,Gene83,-0.293042,-0.2481644,-0.21996324,-0.25423428,0.019059267,0.026087873,0.03408788,0.041811664
g284,Gene84,0.16395856,0.47633967,0.12892416,0.07780082,0.019837562,0.02759997,0.03657448,0.045009598
g285,Gene85,0.28191617,0.2796876,0.23907195,0.25616303,0.020371819,0.028068522,0.035370205,0.043983936
g286,Gene86,0.12997091,0.13544735,0.11188617,0.14886005,0.018513363,0.026317464,0.03397529,0.041412555
g287,Gene87,-0.16279766,-0.20160322,-0.17310637,-0.15515925,0.018188803,0.027367633,0.03490819,0.042948727
g288,Gene88,0.026599461,0.046792526,0.044445638,0.043827724,0.019815406,0.027357517,0.03417967,0.043046933
g289,Gene89,0.10810386,0.14784501,0.13097328,0.10399286,0.018232247,0.025733177,0.03460686,0.041506242
g29,Gene29,-0.22170675,-0.23476158,-0.21186943,-0.2492671,0.019400587,0.026348833,0.03292531,0.039569695
g290,Gene90,0.096903495,0.16296622,0.113617495,0.11375525,0.018448438,0.026326241,0.034790855,0.042069256
g291,Gene91,0.19024199,0.1673926,0.15876226,0.13360953,0.018449577,0.02659948,0.03424179,0.043717355
g292,Gene92,-0.3520815,-0.3173237,0.34441137,-0.33018887,0.021111308,0.028573029,0.038505837,0.04613203
g293,Gene93,0.33634087,0.36740786,0.33378932,0.3277968,0.018798914,0.025922814,0.0338846,0.041182674
g294,Gene94,-0.12568462,-0.12799907,-0.15422563,-0.13488217,0.018894171,0.027861381,0.0343168,0.042184584
g295,Gene95,0.11466717,0.1471049,0.19635634,0.14093533,0.018003399,0.024960784,0.032445833,0.041092053
g296,Gene96,0.04374824,0.005691485,-0.9283902,-0.041236755,0.018364102,0.02587988,0.037210573,0.047925822
g297,Gene97,-0.08965697,-0.087873235,-0.06025546,-0.066449456,0.019309098,0.0275298,0.034612123,0.04136762
g298,Gene98,0.019416988,0.10314743,0.06712191,0.06360986,0.019690206,0.027152196,0.03339501,0.039310597
g299,Gene99,-0.118156865,-0.07781118,-0.0764324,-0.04217687,0.019773934,0.027229637,0.03419867,0.04405101
g3,Gene3,0.009565459,-0.35808963,0.03837386,0.86389434,0.020235823,0.032282475,0.040846962,0.052405518
g30,Gene30,-0.2493886,-0.24348097,-0.21719165,-0.25064477,0.020289516,0.030084353,0.037583496,0.04389233
g300,Gene100,0.17318863,0.10940973,0.17482108,0.17530014,0.01968171,0.025855621,0.03200103,0.04166801
g301,Gene1,0.26530123,0.27758917,0.2666995,0.29317433,0.018207936,0.026107576,0.035186443,0.042887427
g302,Gene2,-0.33028203,-0.28937367,0.29976562,-0.28232297,0.021024635,0.027503949,0.03598008,0.04526863
g303,Gene3,-0.4726257,-0.84027994,-0.4438172,0.3817034,0.020810684,0.03240966,0.04052971,0.05194954
g304,Gene4,-0.055014737,-0.067882776,-0.033730928,-0.069121234,0.018372238,0.026199708,0.033460718,0.040929034
g305,Gene5,-0.06835329,-0.09044106,-0.08026341,-0.09756437,0.019246535,0.027563272,0.035522673,0.044738885
g306,Gene6,-0.023789326,-0.061874665,-0.06655647,-0.017579714,0.019690873,0.027626524,0.034693833,0.042596243
g307,Gene7,0.15389556,0.1638172,0.16993825,-0.25092196,0.018764252,0.024528675,0.032772884,0.039816774
g308,Gene8,0.115861274,0.06830248,0.071276866,0.1101188,0.020945968,0.02964563,0.037598543,0.04506032
g309,Gene9,0.46269253,0.2825152,0.16889203,0.2729585,0.01936476,0.029052839,0.036417283,0.043962106
g31,Gene31,0.23437092,0.24774726,0.25159132,0.27040792,0.020176532,0.027717507,0.03626481,0.04370946
g310,Gene10,0.5844476,0.036914922,-0.21520083,-0.09000857,0.028511582,0.036301225,0.045757607,0.051866677
g311,Gene11,-1.1949192,-0.55183697,-0.42636144,-0.45332122,0.026896806,0.037142526,0.043154962,0.047765147
g312,Gene12,0.21766344,0.19699636,0.23107892,0.17553763,0.019717889,0.026977925,0.03396938,0.04294379
g313,Gene13,8.035091e-05,-0.014725187,-0.026826395,-0.030264294,0.019090327,0.027603641,0.03493778,0.043634333
g314,Gene14,0.5289035,0.5457223,0.5752852,0.5257372,0.01891276,0.026360372,0.032868188,0.038960684
g315,Gene15,-0.20942393,-0.73562264,0.47792035,-0.68716824,0.02035365,0.030315246,0.044676483,0.05642032
g316,Gene16,-0.21236846,-0.24302487,-0.22183113,0.42448986,0.018860213,0.027559556,0.03694683,0.047749512
g317,Gene17,0.16521806,0.09169554,0.052055836,0.10241274,0.018837424,0.026244543,0.03492738,0.040703457
g318,Gene18,0.514147,0.57220066,1.2286043,0.4805227,0.02005375,0.028515408,0.038530275,0.04808979
g319,Gene19,0.23400524,0.16657805,0.20730218,0.21093577,0.020416494,0.027779289,0.035614654,0.043234862
g32,Gene32,0.18898544,0.17974666,0.23589899,0.64406174,0.019411353,0.026742084,0.033634458,0.043464884
g320,Gene20,0.17673846,0.18453844,0.2171884,0.18269478,0.019895652,0.026623579,0.03392777,0.04367422
g321,Gene21,0.20124383,0.23311205,0.1975766,0.19030488,0.019026944,0.026507787,0.033814315,0.040277015
g322,Gene22,0.10198726,0.5300889,0.10907861,0.023290413,0.020845171,0.030664194,0.03942582,0.048173584
g323,Gene23,-0.22355238,0.233257,0.37853065,0.3277524,0.021741275,0.03196422,0.038906492,0.046465486
g324,Gene24,0.06724447,0.053478308,0.1143535,0.09868104,0.01880345,0.026761563,0.03457412,0.041315753
g325,Gene25,0.14612602,0.20495774,0.16580743,0.16576423,0.020046832,0.027977938,0.03531217,0.042803228
g326,Gene26,0.24945654,0.23829943,0.26119927,0.28988993,0.018100051,0.026902953,0.03453649,0.043089513
g327,Gene27,-0.049253188,-0.043331515,-0.028414266,-0.09268434,0.020371992,0.026017847,0.034219775,0.042926375
g328,Gene28,0.024959283,0.029167272,0.046783835,0.05128934,0.020496482,0.027479317,0.034829482,0.04188403
g329,Gene29,-0.19445392,-0.2075088,-0.18461655,-0.22201432,0.019167334,0.025920125,0.032872424,0.039922047
g33,Gene33,-0.31101725,-0.28880453,-0.32262516,-0.36723554,0.019953536,0.026973108,0.035314456,0.04298741
g330,Gene30,-0.050571557,-0.044663675,-0.018374447,-0.051827263,0.020084897,0.029566836,0.037389603,0.043986067
g331,Gene31,-0.19464132,-0.18126489,-0.17742102,-0.15860392,0.018873286,0.026821034,0.035372175,0.04404646
g332,Gene32,-0.04212109,-0.051360007,0.00479242,0.41295543,0.019679768,0.02685277,0.03411692,0.04377083
g333,Gene33,0.08165802,0.10387074,0.07005014,0.025439557,0.01888878,0.026568817,0.035140973,0.042410266
g334,Gene34,-0.19513986,-0.20384997,-0.6492212,-0.18830958,0.020747075,0.027642539,0.035531703,0.0440542
g335,Gene35,0.10007053,0.09921419,0.098409876,0.08549647,0.0191624,0.026384188,0.033753924,0.04313518
g336,Gene36,0.24081181,0.27305433,0.21934663,-0.012920286,0.01762329,0.025125189,0.03365683,0.043383297
g337,Gene37,-0.18841588,0.114624344,-0.24564676,-0.26433796,0.020939907,0.030137742,0.038757287,0.045858137
g338,Gene38,0.10108724,0.06781079,0.027122907,0.073527314,0.018251251,0.025990449,0.033096414,0.042178657
g339,Gene39,0.019519517,0.070502795,0.08940814,0.06127416,0.018476395,0.026511578,0.035553075,0.043371208
g34,Gene34,0.33270204,0.32399175,-0.121379614,0.33953238,0.019962756,0.026838208,0.034855984,0.04360356
g340,Gene40,0.21288987,0.20045681,0.18301192,0.21850972,0.020020612,0.027080486,0.03422102,0.04238571
g341,Gene41,0.2601938,0.32777354,0.34985048,0.33117986,0.017000463,0.02529065,0.034100655,0.042367805
g342,Gene42,0.20374744,0.22845137,0.2205569,0.22845502,0.019929582,0.026880065,0.035416305,0.04496165
g343,Gene43,-0.189278,-0.22776827,-0.16903183,-0.22056404,0.01877854,0.02515679,0.03245677,0.040459324
g344,Gene44,0.12317376,0.13050866,0.3477564,0.11863554,0.018904833,0.0250814,0.03432165,0.04020964
g345,Gene45,-0.35538486,-0.33263233,-0.35351405,-0.3497273,0.01939774,0.026216524,0.033740368,0.040956344
g346,Gene46,-0.16291963,-0.8955128,-0.14944118,-0.097859964,0.019653797,0.032449182,0.042104352,0.049571656
g347,Gene47,-0.096043,0.3142497,-0.12628074,-0.14946963,0.01937519,0.02907615,0.03808098,0.04515206
g348,Gene48,0.046260703,0.026767805,0.0077685686,0.038271412,0.019077297,0.026285633,0.033242505,0.04071898
g349,Gene49,0.24764846,0.005939506,-0.04935864,-0.059108928,0.02018028,0.028395487,0.03619547,0.043123472
g35,Gene35,0.13410965,0.13325326,0.13244894,0.11953556,0.01889797,0.026737237,0.0343108,0.043642733
g350,Gene50,-0.18388867,-0.1706344,-0.13291751,-0.1566743,0.01787976,0.025274422,0.033130642,0.042377025
g351,Gene51,-0.077343285,-0.1326528,-0.9351276,-0.06668584,0.021467889,0.029096551,0.038844787,0.049071785
g352,Gene52,-0.16433771,0.32483384,-0.29679057,0.25120348,0.021918131,0.0320171,0.04436928,0.052083407
g353,Gene53,0.28047338,0.32676825,0.30529216,0.3405839,0.01859079,0.02673576,0.036705554,0.043894213
g354,Gene54,0.05623201,0.012369979,-0.011876372,-0.00805836,0.019734982,0.026759205,0.034612328,0.041453782
g355,Gene55,0.12653406,0.11243713,0.069841735,0.08604172,0.018546736,0.025713248,0.03406336,0.04178899
g356,Gene56,0.035402704,0.07570632,0.045622207,0.02471926,0.018871732,0.02626322,0.03496674,0.04218864
g357,Gene57,0.021510225,-0.024529438,-0.002597815,-0.0076273107,0.018567275,0.026205838,0.03290365,0.03852591
g358,Gene58,-0.058649782,-0.05644359,-0.058428653,-0.04968206,0.01877484,0.025880374,0.033725016,0.041030817
g359,Gene59,0.40703955,0.41124013,0.4567896,0.44586295,0.019768598,0.026271673,0.03687979,0.044375837
g36,Gene36,-0.09856381,-0.06632107,-0.120029144,-0.3522959,0.018393435,0.025182078,0.03306514,0.04270394
g360,Gene60,-0.64722884,-0.22430405,-0.110162124,-0.12898485,0.021334147,0.030324113,0.036868718,0.04343
g361,Gene61,-0.14074673,-0.14793876,-0.17480145,-0.18438676,0.019375097,0.027655749,0.034398563,0.040074337
g362,Gene62,0.061391715,0.008292877,0.07797758,0.08777791,0.019234046,0.026533429,0.034258816,0.043737687
g363,Gene63,0.4256128,0.16618916,0.19953476,0.18874386,0.02064186,0.029786108,0.037643623,0.047034755
g364,Gene64,-0.09726883,-0.058498785,-0.121385165,-0.08826474,0.019342843,0.02695055,0.035571843,0.04303366
g365,Gene65,-0.047467753,-0.014982006,-0.017449299,-0.033712197,0.0199631,0.027924895,0.034549966,0.0429935
g366,Gene66,-0.113401264,-0.09950942,-0.085864164,-0.05940331,0.019837288,0.026574403,0.034461964,0.042878672
g367,Gene67,0.040387955,0.015285235,0.029139759,0.05235685,0.019159717,0.025694912,0.03337718,0.04191095
g368,Gene68,-0.9041221,-0.33208779,-0.21781202,-0.18457177,0.026336983,0.035757307,0.042096846,0.04856782
g369,Gene69,-0.24330346,-0.256801,-0.20222436,-0.24659327,0.017676719,0.025476059,0.03297982,0.039817713
g37,Gene37,0.13200669,0.43504676,0.074775554,0.056084458,0.019663455,0.028990876,0.037790615,0.044933487
g370,Gene70,-0.0934794,-0.64081424,-0.0791938,-0.0051350337,0.018688468,0.029683992,0.039665543,0.047630727
g371,Gene71,0.22065651,0.19177726,-0.45684788,1.0630517,0.020065626,0.029038511,0.041065503,0.056316365
g372,Gene72,0.5021111,0.16455851,0.03145279,0.050128594,0.02396939,0.0322819,0.03892848,0.045670055
g373,Gene73,-0.29753327,-0.28747746,-0.2474693,-0.28286946,0.020235756,0.028871244,0.036184594,0.043482266
g374,Gene74,-0.16810052,-0.74064434,-0.0293319,-0.023735262,0.020766431,0.032661587,0.041612234,0.04944426
g375,Gene75,-0.05519947,-0.12137258,-1.0173497,0.13005629,0.020825695,0.030253384,0.042663813,0.05422818
g376,Gene76,0.040956292,0.03398411,-0.063290894,-0.012381572,0.018205203,0.02667466,0.035290495,0.04355915
g377,Gene77,0.049104583,0.031587433,0.035866104,0.023780206,0.017883934,0.026043748,0.033489786,0.0413891
g378,Gene78,0.24455409,0.25324965,0.23353115,0.2440804,0.018322917,0.027006662,0.03620899,0.044792805
g379,Gene79,0.69683784,0.25412148,0.15253675,0.8070318,0.024955854,0.03563263,0.043297768,0.05183961
g38,Gene38,-0.16028562,-0.19356227,-0.23425011,-0.18784556,0.018334446,0.026492711,0.03291996,0.041779082
g380,Gene80,-0.30011398,-0.24069369,-0.28483328,-0.27872565,0.020208519,0.026476348,0.0317736,0.04042076
g381,Gene81,0.06553094,0.08341005,0.09181405,0.07921818,0.019425323,0.026628917,0.03387359,0.04244948
g382,Gene82,0.24330667,0.25963324,0.25914478,0.29204285,0.019687755,0.0264918,0.03562768,0.042821776
g383,Gene83,0.21500003,0.2598777,0.28807902,0.25380784,0.019022629,0.024943013,0.033593614,0.042021867
g384,Gene84,0.12775959,0.44014108,0.09272519,0.04160181,0.021115256,0.028593844,0.037368614,0.045515012
g385,Gene85,0.5103306,0.508102,0.46748662,0.48457783,0.020297486,0.02852896,0.035433717,0.044137154
g386,Gene86,0.34675068,0.35222703,0.32866588,0.36563972,0.019128043,0.026306633,0.033702556,0.041929454
g387,Gene87,-0.08340978,-0.12221508,-0.093718536,-0.075771295,0.018278822,0.026850801,0.034476753,0.042301983
g388,Gene88,0.05809613,0.078289196,0.07594233,0.075324416,0.020000812,0.02765291,0.03404798,0.042459458
g389,Gene89,-0.14167134,-0.101930246,-0.11880197,-0.14578241,0.01848732,0.026291618,0.034954283,0.041893717
g39,Gene39,-0.30822316,-0.25723952,-0.2383343,-0.2664681,0.018815098,0.027529558,0.036319863,0.04382123
g390,Gene90,-0.091729976,-0.02566714,-0.07501602,-0.074878156,0.019995697,0.028075226,0.036334142,0.043658543
g391,Gene91,-0.51045513,-0.5333044,-0.541934,-0.567087,0.020972988,0.027947988,0.03493621,0.04481903
g392,Gene92,0.40006366,0.43482137,1.096557,0.42195657,0.020732244,0.027532712,0.037223294,0.04554094
g393,Gene93,0.06108115,0.09214846,0.058529507,0.052537292,0.01852258,0.02549954,0.03376563,0.041630957
g394,Gene94,0.025101228,0.022786649,-0.003439731,0.01590352,0.018953929,0.027398966,0.033818267,0.041518375
g395,Gene95,-0.4178745,-0.38543722,-0.33618584,-0.39160678,0.020221045,0.026479125,0.034024734,0.042361647
g396,Gene96,0.26297864,0.22492202,-0.70916015,0.17799355,0.019035853,0.02687602,0.037716284,0.048448823
g397,Gene97,0.15754998,0.1593338,0.18695147,0.18075766,0.019632539,0.02749689,0.034903668,0.041303597
g398,Gene98,0.46044865,0.54417986,0.5081536,0.5046417,0.020149972,0.027039617,0.033567704,0.039335165
g399,Gene99,0.15813549,0.19848101,0.19985974,0.2341156,0.019346448,0.026921298,0.03421271,0.04416781
g4,Gene4,-0.266315,-0.279183,-0.24503125,-0.28042132,0.019407958,0.026977088,0.034159936,0.040929575
g40,Gene40,-0.026544435,-0.038977526,-0.05642241,-0.020924523,0.019139212,0.026994215,0.03500184,0.04316412
g400,Gene100,0.064635955,0.0008570885,0.06626827,0.066747166,0.019743597,0.02703064,0.032613512,0.042116065
g401,Gene1,-0.23162794,-0.21933986,-0.23022991,-0.203755,0.01835852,0.025701687,0.03507221,0.04282184
g402,Gene2,0.18201424,0.22292243,0.81206185,0.22997336,0.019178787,0.026042957,0.035144515,0.04457516
g403,Gene3,-0.17778939,-0.54544395,-0.14898103,0.6765396,0.020350263,0.031512,0.04019375,0.052071597
g404,Gene4,0.0004455291,-0.0124224415,0.021729374,-0.013660983,0.018602379,0.027022209,0.033664767,0.041123386
g405,Gene5,0.0059766634,-0.016111132,-0.0059334054,-0.023234408,0.020153712,0.027881898,0.03590264,0.04547191
g406,Gene6,0.22655685,0.18847169,0.18378986,0.23276672,0.019618638,0.026650527,0.033836976,0.042083934
g407,Gene7,-0.098391004,-0.08846946,-0.08234829,-0.5032084,0.018224498,0.02423757,0.032367673,0.03962726
g408,Gene8,0.269604,0.22204536,0.22501963,0.26386163,0.020455552,0.028997058,0.037198268,0.044845197
g409,Gene9,0.09564344,-0.08453387,-0.19815685,-0.09409064,0.019577438,0.028490666,0.036077384,0.04377257
g41,Gene41,-0.072382,-0.0048025013,0.017274106,-0.0013962737,0.018477313,0.02666261,0.035286393,0.042952187
g410,Gene10,0.807884,0.2603514,0.008235504,0.13342775,0.02776721,0.036493633,0.045577012,0.051961605
g411,Gene11,-0.69127434,-0.04819231,0.07728328,0.050323486,0.025624696,0.036367774,0.04252419,0.047255803
g412,Gene12,-0.055488195,-0.076155014,-0.04207257,-0.09761383,0.019810319,0.027207362,0.034023535,0.042962648
g413,Gene13,-0.014838368,-0.029643906,-0.041745123,-0.045183014,0.019464144,0.028903352,0.036259007,0.044495154
g414,Gene14,0.038810328,0.05562945,0.08519236,0.035644144,0.018684443,0.026033461,0.03311285,0.03976243
g415,Gene15,0.22938639,-0.2968123,0.9167314,-0.24835783,0.01879006,0.02879619,0.04344589,0.05509395
g416,Gene16,0.17046478,0.13980824,0.16100194,0.80732304,0.019085934,0.027657771,0.036836408,0.047638092
g417,Gene17,0.11376208,0.04023942,0.0005998324,0.05095667,0.019139756,0.026596222,0.035420828,0.041222632
g418,Gene18,0.27737483,0.33542797,0.9918321,0.24375007,0.019038204,0.028027358,0.0375745,0.04737647
g419,Gene19,-0.35792002,-0.4253468,-0.38462278,-0.38098925,0.020046717,0.027715955,0.036148403,0.04349763
g42,Gene42,-0.4143088,-0.38960475,-0.3974994,-0.3896012,0.019505197,0.026236104,0.034364123,0.04384413
g420,Gene20,-0.21969365,-0.21189357,-0.17924379,-0.21373719,0.02044453,0.027509572,0.03383625,0.043889984
g421,Gene21,0.23592404,0.2677921,0.23225683,0.2249848,0.019883158,0.027460117,0.034238074,0.041242655
g422,Gene22,0.27571145,0.70381343,0.28280294,0.19701485,0.021315744,0.03098861,0.039880313,0.04874894
g423,Gene23,-0.5350091,-0.07819951,0.06707397,0.01629584,0.021990335,0.031329796,0.0386989,0.046320427
g424,Gene24,-0.026158035,-0.039924193,0.020950982,0.0052786046,0.018789086,0.026563367,0.034507796,0.04171649
g425,Gene25,-0.040892027,0.017939782,-0.021210836,-0.021253968,0.019738184,0.027836848,0.035803128,0.04298501
g426,Gene26,0.27413723,0.2629801,0.28588015,0.31457034,0.019186366,0.027524272,0.034502897,0.043267526
g427,Gene27,0.2971525,0.30307424,0.31799138,0.25372157,0.019758405,0.026308334,0.03473446,0.043071188
g428,Gene28,-0.07634873,-0.072140805,-0.054524273,-0.050018705,0.020244041,0.027166544,0.034785755,0.041597996
g429,Gene29,-0.16858302,-0.18163781,-0.15874556,-0.1961433,0.019596038,0.02706254,0.03365942,0.04063685
g43,Gene43,-0.06613549,-0.10462589,-0.045889553,-0.09742157,0.018720597,0.025182502,0.032202825,0.04000624
g430,Gene30,-0.23548459,-0.22957678,-0.20328757,-0.23674047,0.01988809,0.028942028,0.036592636,0.04328548
g431,Gene31,-0.030666316,-0.017290007,-0.013446094,0.00537086,0.018851493,0.026782924,0.03591879,0.043897174
g432,Gene32,0.067221716,0.057982754,0.11413525,0.5222982,0.019700967,0.026865253,0.03403477,0.04410888
g433,Gene33,0.40779307,0.43000558,0.39618534,0.35157487,0.019741775,0.027034333,0.035325088,0.042547315
g434,Gene34,0.5609705,0.55226016,0.10688846,0.5678003,0.020841395,0.027414627,0.035352807,0.04346255
g435,Gene35,-0.018886982,-0.019743321,-0.020547682,-0.03346102,0.018784376,0.026075887,0.03408559,0.043227557
g436,Gene36,-0.032698248,-0.00045548455,-0.054163467,-0.28643,0.018084198,0.025087113,0.03312559,0.042732455
g437,Gene37,0.016897539,0.31993756,-0.040333647,-0.059024688,0.020434253,0.030143956,0.03862492,0.04549375
g438,Gene38,0.37525117,0.34197462,0.3012869,0.347691,0.019536784,0.027648851,0.034134503,0.043234613
g439,Gene39,0.042939395,0.0939228,0.11282808,0.08469402,0.018870108,0.026977275,0.03545323,0.043534506
g44,Gene44,0.28265646,0.28999156,0.5072395,0.27811843,0.018434929,0.026036631,0.034401935,0.04006087
g440,Gene40,0.095449775,0.0830167,0.06557187,0.101069644,0.01975692,0.027605638,0.0350282,0.043153793
g441,Gene41,-0.106961064,-0.039381497,-0.017304871,-0.035975263,0.018259142,0.025753416,0.034739904,0.042972993
g442,Gene42,0.3212295,0.34593335,0.33803868,0.34593663,0.020210147,0.027278932,0.03589746,0.045454316
g443,Gene43,0.13973126,0.10124092,0.15997718,0.108445235,0.01939208,0.026355613,0.033801783,0.041311845
g444,Gene44,0.048571493,0.05590644,0.27315426,0.044033337,0.018441549,0.025992364,0.034585863,0.04063521
g445,Gene45,-0.17820956,-0.15545657,-0.17633796,-0.17255172,0.018223273,0.025753498,0.033365846,0.040795866
g446,Gene46,0.062358744,-0.67023474,0.075837284,0.1274185,0.019239457,0.03159929,0.041275837,0.049147725
g447,Gene47,0.11298772,0.5232806,0.08275001,0.05956119,0.01929519,0.028804835,0.0374685,0.04492452
g448,Gene48,0.030041328,0.010548486,-0.008450777,0.02205203,0.018997729,0.026276305,0.03332637,0.040794056
g449,Gene49,0.32287022,0.08116112,0.025863005,0.016112689,0.019283753,0.027796485,0.03566765,0.042918954
g45,Gene45,-0.17365398,-0.15090097,-0.17178236,-0.16799633,0.01819881,0.025772728,0.033846755,0.041529745
g450,Gene50,-0.038673643,-0.025419563,0.012297377,-0.011459431,0.018465968,0.025533449,0.033184014,0.042255256
g451,Gene51,0.6289566,0.5736471,-0.22882734,0.63961375,0.021056218,0.029270092,0.038407683,0.048995342
g452,Gene52,0.29588354,0.7850561,0.16343072,0.71142435,0.021757146,0.031339534,0.04325318,0.05098657
g453,Gene53,0.19797729,0.24427228,0.2227963,0.25808766,0.019184897,0.027293898,0.036767524,0.043470215
g454,Gene54,0.49233666,0.4484749,0.4242283,0.4280463,0.020321442,0.02733983,0.035122853,0.041310087
g455,Gene55,0.19722725,0.18313046,0.14053498,0.15673488,0.019748744,0.02638956,0.03456463,0.04276641
g456,Gene56,0.1373245,0.1776281,0.14754406,0.126641,0.018635621,0.026688976,0.0351907,0.04204705
g457,Gene57,-0.17298342,-0.21902318,-0.19709146,-0.20212087,0.019192295,0.026493087,0.03313463,0.0385736
g458,Gene58,-0.106715016,-0.10450883,-0.10649388,-0.09774727,0.018688595,0.025246473,0.033157833,0.04021796
g459,Gene59,-0.17749156,-0.17329141,-0.12774132,-0.13866855,0.019833788,0.026614502,0.036731526,0.044043235
g46,Gene46,-0.12798706,-0.8605804,-0.114508644,-0.06292743,0.019884475,0.032455307,0.042143285,0.049897186
g460,Gene60,-0.537948,-0.115023024,-0.00088123226,-0.019703941,0.021914838,0.031122,0.03820521,0.044506654
g461,Gene61,0.33278176,0.32558966,0.29872715,0.28914174,0.019244324,0.027267305,0.034012824,0.040082157
g462,Gene62,0.03338627,-0.019712588,0.04997211,0.059772417,0.019111132,0.026475511,0.034589965,0.043735515
g463,Gene63,0.4791787,0.21975498,0.25310054,0.2423097,0.01987146,0.029851679,0.037450578,0.046701718
g464,Gene64,0.11102863,0.14979862,0.086912274,0.120032765,0.019604022,0.026725594,0.03469248,0.042388387
g465,Gene65,0.14643465,0.17892034,0.17645314,0.16019002,0.02017539,0.027997471,0.034887858,0.04316888
g466,Gene66,0.20674008,0.22063221,0.23427716,0.2607378,0.01908988,0.026495783,0.03485321,0.043754146
g467,Gene67,-0.23453014,-0.25963256,-0.24577828,-0.22256114,0.019406153,0.02607486,0.033432294,0.04158187
g468,Gene68,-0.9278974,-0.3558626,-0.24158663,-0.20834647,0.026151497,0.035562307,0.04193239,0.048423413
g469,Gene69,-0.2267177,-0.24021532,-0.18563856,-0.23000745,0.018333882,0.026518384,0.03365215,0.040728007
g47,Gene47,0.00026275526,0.41055495,-0.029975006,-0.053163856,0.01998923,0.029127734,0.038589563,0.04579664
g470,Gene70,-0.36486256,-0.9121969,-0.35057703,-0.2765184,0.018493665,0.029728128,0.040478252,0.048200615
g471,Gene71,-0.31164294,-0.3405222,-0.98914766,0.53075254,0.020900987,0.029714655,0.041425355,0.05651748
g472,Gene72,0.724182,0.38662967,0.25352404,0.27219984,0.02345304,0.031798635,0.038441222,0.045611974
g473,Gene73,0.062498264,0.072553806,0.11256207,0.07716217,0.019401984,0.027832953,0.035849534,0.043020576
g474,Gene74,-0.19473806,-0.7672809,-0.055969425,-0.050372817,0.02014661,0.031862307,0.040789306,0.049185637
g475,Gene75,0.31803864,0.25186554,-0.6441117,0.5032946,0.0210944,0.030258482,0.04225926,0.054029837
g476,Gene76,-0.26286113,-0.26983306,-0.36710823,-0.31619877,0.019034427,0.026928425,0.035432935,0.04412085
g477,Gene77,0.08143601,0.063918896,0.06819754,0.05611169,0.019466061,0.026954347,0.03423532,0.04198013
g478,Gene78,0.41675743,0.42545328,0.4057345,0.416284,0.018432198,0.026409809,0.035169803,0.04441546
g479,Gene79,0.8735389,0.43082222,0.32923755,0.9837328,0.025304807,0.03603175,0.043210335,0.051529214
g48,Gene48,-0.10256165,-0.12205447,-0.14105383,-0.110551,0.018021367,0.025749946,0.03311731,0.04108694
g480,Gene80,0.054949757,0.114370435,0.07023095,0.076338276,0.018907338,0.026293317,0.031829726,0.040596664
g481,Gene81,-0.029565804,-0.011686671,-0.0032827102,-0.015878594,0.021522013,0.028002447,0.03515691,0.04258675
g482,Gene82,-0.0054948754,0.010831332,0.010342843,0.043241095,0.01967281,0.026393306,0.035434514,0.04273025
g483,Gene83,-0.36654034,-0.32166252,-0.29346138,-0.32773247,0.019085022,0.025488112,0.03389665,0.04187823
g484,Gene84,0.13115735,0.4435386,0.09612287,0.044999566,0.020138707,0.027707433,0.037071068,0.04502968
g485,Gene85,-0.28490412,-0.2871327,-0.3277483,-0.31065702,0.020010492,0.027409485,0.03479874,0.043292742
g486,Gene86,-0.07170354,-0.066226974,-0.089788176,-0.0528144,0.018640498,0.025591873,0.03350629,0.041058086
g487,Gene87,0.089932255,0.051126976,0.07962362,0.09757061,0.01821623,0.026649965,0.033669543,0.041663047
g488,Gene88,0.32644352,0.3466364,0.3442895,0.34367177,0.019579977,0.027277777,0.03429613,0.04294618
g489,Gene89,0.30693048,0.34667146,0.32979977,0.30281913,0.019259946,0.026533894,0.035361607,0.041987505
g49,Gene49,0.45295334,0.2112442,0.15594603,0.1461957,0.019907331,0.028260978,0.03550393,0.042589642
g490,Gene90,0.26064205,0.3267051,0.27735618,0.27749386,0.019990802,0.027809268,0.03626004,0.04323072
g491,Gene91,0.3871644,0.3643149,0.35568416,0.33053195,0.019039322,0.026011225,0.03374096,0.043665648
g492,Gene92,0.17198378,0.20674153,0.86847633,0.19387628,0.020019662,0.027255615,0.03739875,0.045353483
g493,Gene93,-0.27587688,-0.24480961,-0.27842832,-0.28442082,0.019206332,0.025943032,0.03447365,0.04165537
g494,Gene94,0.0331095,0.030794924,0.004568522,0.023911789,0.01898483,0.027046671,0.033728756,0.041594755
g495,Gene95,0.290988,0.32342577,0.372677,0.317256,0.01992413,0.026301354,0.033229142,0.04203993
g496,Gene96,0.037332222,-0.00072451215,-0.93480635,-0.04765277,0.017904222,0.026116213,0.03734337,0.047866356
g497,Gene97,0.048060864,0.049844585,0.07746228,0.07126837,0.018758457,0.026953619,0.034617547,0.04143257
g498,Gene98,-0.029611493,0.054119002,0.018093357,0.0145814065,0.019420082,0.02694511,0.033232607,0.03882397
g499,Gene99,0.17754371,0.21788941,0.2192681,0.25352368,0.019787408,0.027446156,0.03430438,0.044129398
g5,Gene5,0.07153264,0.049444813,0.059622504,0.042321574,0.01995805,0.027592951,0.03599852,0.045564022
g50,Gene50,0.18316233,0.19641672,0.23413344,0.21037652,0.018835654,0.025488405,0.03354626,0.04186861
g500,Gene100,0.081151605,0.01737273,0.08278398,0.08326279,0.019522158,0.026774636,0.032788843,0.04222885
g501,Gene1,-0.13495128,-0.12266335,-0.1335533,-0.1070782,0.01877747,0.02658527,0.035371933,0.04359609
g502,Gene2,0.3549971,0.39590526,0.9850447,0.40295628,0.02002191,0.02672078,0.03595387,0.045145724
g503,Gene3,-0.05281837,-0.42047265,-0.024010003,0.8015106,0.019678112,0.03132586,0.0399373,0.051513247
g504,Gene4,0.093667224,0.08079923,0.11495101,0.07956075,0.019559352,0.026954245,0.0340267,0.04125051
g505,Gene5,0.22020654,0.19811869,0.20829651,0.19099551,0.01984641,0.028227696,0.036465276,0.045568045
g506,Gene6,0.2480847,0.20999946,0.20531768,0.25429454,0.020571243,0.027670786,0.03385929,0.04213588
g507,Gene7,0.12826684,0.13818826,0.14430957,-0.2765505,0.017666986,0.024121901,0.032274023,0.03940903
g508,Gene8,0.16432433,0.116765656,0.11973988,0.15858197,0.020872394,0.028918732,0.03714872,0.044937477
g509,Gene9,0.04243503,-0.13774227,-0.25136518,-0.14729904,0.019432254,0.028081948,0.03611764,0.043514606
g51,Gene51,-0.00054680504,-0.055856287,-0.8583305,0.010110708,0.020441664,0.027993962,0.038038787,0.0491896
g510,Gene10,0.7878311,0.2402996,-0.011816216,0.11337616,0.028051587,0.03647918,0.04575645,0.051949117
g511,Gene11,-0.628496,0.014585744,0.14006126,0.11310157,0.02586652,0.036412064,0.0424457,0.047248095
g512,Gene12,0.40503162,0.3843645,0.4184471,0.3629059,0.02004565,0.02695693,0.033802725,0.043224204
g513,Gene13,0.14144117,0.12663561,0.11453442,0.11109652,0.019443385,0.027803756,0.035551455,0.04362459
g514,Gene14,0.053694036,0.07051306,0.10007605,0.050527766,0.018390095,0.025663551,0.032590013,0.039180152
g515,Gene15,0.17908184,-0.34711725,0.86642593,-0.29866228,0.019256469,0.029458398,0.043590073,0.05535851
g516,Gene16,0.05749934,0.026842741,0.04803639,0.6943578,0.02008036,0.028276088,0.037513074,0.048443705
g517,Gene17,0.28825378,0.21473104,0.1750917,0.2254484,0.019659435,0.026782088,0.035437062,0.04124505
g518,Gene18,0.13398851,0.1920422,0.84844655,0.100363836,0.01915615,0.027581349,0.037821017,0.048020404
g519,Gene19,0.037851803,-0.029575441,0.011148685,0.0147824,0.019337695,0.02746032,0.035595085,0.04304382
g52,Gene52,-0.032052033,0.45711997,-0.16450499,0.38348925,0.022092095,0.031362984,0.04365939,0.05179926
g520,Gene20,0.17116368,0.17896359,0.21161345,0.17711988,0.020236935,0.027619025,0.03413424,0.044370428
g521,Gene21,-0.4185044,-0.386636,-0.42217138,-0.42944342,0.02046797,0.027660929,0.035067122,0.041504905
g522,Gene22,0.42935038,0.8574519,0.43644148,0.35065362,0.021345852,0.031012567,0.03992008,0.04865416
g523,Gene23,-0.72336364,-0.26655367,-0.121280365,-0.1720584,0.022820225,0.03190622,0.038502935,0.045884192
g524,Gene24,-0.13593143,-0.14969748,-0.08882228,-0.10449465,0.018300585,0.02620721,0.034471594,0.04164106
g525,Gene25,0.18147041,0.24030206,0.20115162,0.2011086,0.019928034,0.027984602,0.03589449,0.04278675
g526,Gene26,0.17668109,0.16552396,0.18842383,0.21711431,0.018900232,0.027696904,0.034500927,0.043675665
g527,Gene27,0.03425593,0.04017768,0.05509497,-0.009175156,0.020581583,0.026842412,0.0350912,0.04326117
g528,Gene28,0.20753996,0.21174787,0.22936426,0.23386982,0.021816283,0.028704604,0.036043547,0.042554524
g529,Gene29,0.15170749,0.13865256,0.16154498,0.124146916,0.018916026,0.026156615,0.032887787,0.03956511
g53,Gene53,-0.2524693,-0.20617406,-0.22765012,-0.19235852,0.019356405,0.027340878,0.03700248,0.04429325
g530,Gene30,0.0029470057,0.008854915,0.035144083,0.001691237,0.019868083,0.029840352,0.037015308,0.043351162
g531,Gene31,0.3871063,0.40048248,0.40432632,0.42314345,0.020258628,0.027470557,0.03612248,0.044333704
g532,Gene32,0.26117164,0.2519325,0.30808508,0.7162477,0.019533921,0.026550923,0.03335414,0.043411974
g533,Gene33,0.1239207,0.14613329,0.11231275,0.0677023,0.0194854,0.027718106,0.035558436,0.04292081
g534,Gene34,-0.082096614,-0.09080669,-0.53617835,-0.07526642,0.02077623,0.027343035,0.03518302,0.044246238
g535,Gene35,0.010183758,0.009327402,0.008523064,-0.0043902765,0.018538624,0.026539624,0.033987958,0.042991865
g536,Gene36,0.028424196,0.060666922,0.006958945,-0.22530767,0.019126548,0.02531422,0.033643566,0.043412235
g537,Gene37,0.15864879,0.46168905,0.101417705,0.08272668,0.020239646,0.02917454,0.03811748,0.045019828
g538,Gene38,-0.16517612,-0.19845276,-0.23914047,-0.19273622,0.01875001,0.02622983,0.032723844,0.04194762
g539,Gene39,0.29666376,0.34764695,0.3665522,0.33841866,0.018994644,0.027315388,0.035752103,0.044216305
g54,Gene54,-0.181145,-0.2250067,-0.24925323,-0.24543512,0.020541068,0.02758658,0.03491981,0.041619144
g540,Gene40,0.26140782,0.24897492,0.23152982,0.26702774,0.01865295,0.026397284,0.034037124,0.04207179
g541,Gene41,0.095928475,0.16350797,0.1855846,0.1669142,0.018457618,0.026988268,0.035677988,0.043413788
g542,Gene42,-0.38384828,-0.35914478,-0.36703905,-0.3591408,0.020512346,0.02709928,0.03507083,0.04461175
g543,Gene43,-0.16739434,-0.20588492,-0.1471484,-0.19868049,0.019036498,0.02552049,0.03268272,0.040230967
g544,Gene44,0.21716815,0.22450309,0.44175106,0.21262987,0.018199027,0.025233272,0.033766765,0.040257066
g545,Gene45,0.21256359,0.23531649,0.2144349,0.21822095,0.018952569,0.026023043,0.033779282,0.041345745
g546,Gene46,0.14272991,-0.5898632,0.15620841,0.20778945,0.01999043,0.032660242,0.042456042,0.04990818
g547,Gene47,0.08060116,0.49089414,0.050363384,0.027174544,0.020043248,0.029310167,0.038708296,0.045669947
g548,Gene48,-0.25573847,-0.27523136,-0.2942309,-0.26372796,0.02011213,0.026944708,0.034292616,0.042166088
g549,Gene49,0.48887262,0.24716301,0.19186482,0.18211462,0.020082839,0.02799403,0.035887334,0.042872787
g55,Gene55,0.05274544,0.038648594,-0.003946895,0.012253128,0.019174788,0.026667772,0.034788918,0.043164495
g550,Gene50,-0.13153994,-0.118285716,-0.08056886,-0.10432574,0.018214894,0.025639148,0.033293456,0.0418133
g551,Gene51,0.3172782,0.26196882,-0.54050595,0.32793555,0.020672694,0.02856057,0.03827219,0.04876189
g552,Gene52,0.38845247,0.8776246,0.2559997,0.80399394,0.02143294,0.031210143,0.04346969,0.050937697
g553,Gene53,0.24044915,0.2867444,0.2652684,0.30055958,0.019111007,0.026569692,0.03696271,0.043499615
g554,Gene54,-0.01848758,-0.062349595,-0.08659595,-0.0827779,0.019610723,0.026900986,0.034958504,0.04138576
g555,Gene55,0.15168571,0.13758902,0.09499345,0.11119347,0.018798616,0.025762722,0.0336233,0.04203239
g556,Gene56,0.030293737,0.07059735,0.04051328,0.019610316,0.020136941,0.026707254,0.035018776,0.04237584
g557,Gene57,0.040114526,-0.005925135,0.016006479,0.01097699,0.018775946,0.026658218,0.03346813,0.039327487
g558,Gene58,0.096756935,0.098963045,0.0969781,0.10572467,0.01846393,0.025351506,0.03340797,0.040872533
g559,Gene59,0.27630073,0.28050092,0.3260505,0.31512365,0.019806063,0.02649576,0.036750194,0.044280965
g56,Gene56,0.35390586,0.39420927,0.36412534,0.34322226,0.020308947,0.027194258,0.03582033,0.04282685
g560,Gene60,-0.11679678,0.30612823,0.4202701,0.4014472,0.022137918,0.031126618,0.038660165,0.04491535
g561,Gene61,0.06567614,0.058484107,0.031621452,0.022036051,0.019747455,0.027763566,0.03438061,0.040246624
g562,Gene62,-0.39371058,-0.4468095,-0.3771246,-0.36732465,0.02074344,0.027923169,0.035398852,0.044189606
g563,Gene63,0.062281735,-0.1971418,-0.1637963,-0.17458719,0.021100545,0.030641126,0.03855218,0.047816377
g564,Gene64,0.053864926,0.09263487,0.029748574,0.062869005,0.019874817,0.027555587,0.035704378,0.04304913
g565,Gene65,-0.020161206,0.012324514,0.009857221,-0.0064056963,0.01983098,0.027505632,0.034116182,0.042140026
g566,Gene66,0.38119793,0.39508972,0.4087349,0.43519583,0.018907739,0.026299695,0.03429936,0.042774003
g567,Gene67,0.13135645,0.106253654,0.12010811,0.14332539,0.019857647,0.026877103,0.034532383,0.041619375
g568,Gene68,-0.6201077,-0.048073534,0.06620224,0.099442415,0.026695106,0.03563928,0.04223036,0.048601512
g569,Gene69,0.22301205,0.20951448,0.264091,0.2197222,0.01753841,0.02526228,0.03329765,0.04046058
g57,Gene57,0.020585686,-0.02545397,-0.0035223546,-0.0085518565,0.01793332,0.025323533,0.03271002,0.037782732
g570,Gene70,0.12684834,-0.42048618,0.14113386,0.21519268,0.018545186,0.029683042,0.04014337,0.048049908
g571,Gene71,-0.15461937,-0.18349874,-0.8321243,0.6877765,0.020416731,0.029909894,0.04193219,0.056912277
g572,Gene72,0.7985458,0.46099356,0.3278874,0.3465637,0.023504244,0.031618223,0.037842773,0.044750057
g573,Gene73,0.3526214,0.36267713,0.4026853,0.3672852,0.019631948,0.027527334,0.035931926,0.043691345
g574,Gene74,-0.3217686,-0.89431185,-0.1830003,-0.17740357,0.020711582,0.031357888,0.040436562,0.04870984
g575,Gene75,0.25998837,0.19381502,-0.70216215,0.4452442,0.020592317,0.030068558,0.042044226,0.053449765
g576,Gene76,0.4239347,0.41696247,0.31968796,0.3705974,0.019057637,0.02728711,0.03562742,0.043933146
g577,Gene77,-0.07235966,-0.08987686,-0.08559828,-0.09768416,0.01898588,0.026690397,0.034236763,0.04175126
g578,Gene78,-0.28877288,-0.28007722,-0.29979584,-0.2892465,0.019540336,0.027696867,0.036682807,0.045308277
g579,Gene79,0.6864144,0.24369846,0.14211345,0.796609,0.025308045,0.036119245,0.043291867,0.051840708
g58,Gene58,-0.0018769597,0.0003291584,-0.0016558944,0.007090737,0.017912999,0.025091335,0.033557296,0.04084831
g580,Gene80,-0.073098235,-0.013677567,-0.057817027,-0.051709794,0.018715898,0.026229868,0.03146284,0.04020518
g581,Gene81,0.04019514,0.0580743,0.06647823,0.053882375,0.01983559,0.026847411,0.03431662,0.0420837
g582,Gene82,-0.1731338,-0.15680769,-0.15729626,-0.124397926,0.019391302,0.026315358,0.035891764,0.042777102
g583,Gene83,-0.13917163,-0.09429384,-0.0660927,-0.10036383,0.018755944,0.025146974,0.03369716,0.042080272
g584,Gene84,0.35225382,0.6646351,0.31721956,0.2660962,0.019237312,0.027275246,0.03640688,0.044240706
g585,Gene85,-0.18444335,-0.18667163,-0.22728735,-0.2101963,0.020264594,0.027683068,0.035542015,0.04447603
g586,Gene86,-0.46547458,-0.45999804,-0.48355886,-0.44658527,0.021196984,0.027585732,0.034340415,0.041408602
g587,Gene87,0.14870413,0.109898895,0.13839528,0.15634264,0.018338995,0.027155468,0.0345786,0.0425451
g588,Gene88,-0.13470143,-0.1145083,-0.11685517,-0.11747317,0.01999009,0.028203044,0.035439935,0.04383147
g589,Gene89,0.09753825,0.13727935,0.12040761,0.09342726,0.01804466,0.025846327,0.034662515,0.041377585
g59,Gene59,-0.09405098,-0.08985076,-0.044300854,-0.05522789,0.019560942,0.026402554,0.03663365,0.04408595
g590,Gene90,-0.30814698,-0.24208423,-0.2914331,-0.29129532,0.019332457,0.02712349,0.035273302,0.0427444
g591,Gene91,0.042141397,0.019291963,0.010661503,-0.0144911595,0.018170673,0.025994804,0.033294436,0.042805675
g592,Gene92,0.17318603,0.2079439,0.8696787,0.19507891,0.020447578,0.02756563,0.0373357,0.045760576
g593,Gene93,0.10772476,0.13879196,0.10517302,0.09918098,0.018631775,0.025836399,0.03394166,0.041287504
g594,Gene94,-0.21702842,-0.21934304,-0.24556936,-0.22622615,0.019544166,0.027706692,0.033972867,0.041987006
g595,Gene95,-0.028246867,0.0041909637,0.05344216,-0.0019786085,0.01871007,0.025300292,0.03312964,0.04163953
g596,Gene96,0.1944825,0.1564258,-0.77765644,0.10949759,0.018088674,0.025826177,0.037049446,0.047392037
g597,Gene97,-0.30164397,-0.29986042,-0.272243,-0.27843678,0.019982956,0.027335722,0.03446586,0.04118476
g598,Gene98,-0.21566057,-0.13193013,-0.16795574,-0.1714678,0.020100858,0.02768844,0.034102235,0.03992007
g599,Gene99,0.005000368,0.04534612,0.04672485,0.08098041,0.019729247,0.027633188,0.034771737,0.04400889
g6,Gene6,0.08280493,0.044719644,0.040037803,0.0890146,0.019579252,0.027079023,0.034411933,0.042502135
g60,Gene60,-0.57006365,-0.1471388,-0.032997046,-0.05181978,0.021597628,0.030561246,0.03738706,0.043742727
g600,Gene100,0.0070551434,-0.056723744,0.008687493,0.009166336,0.018886704,0.025914995,0.03254796,0.041753512
g61,Gene61,-0.052068207,-0.05926027,-0.08612298,-0.09570835,0.019650884,0.027503176,0.033936244,0.040090244
g62,Gene62,0.37570608,0.3226075,0.3922921,0.40209225,0.020105394,0.027777217,0.035618395,0.044526223
g63,Gene63,0.35759524,0.09817172,0.1315174,0.120726354,0.020776033,0.02994256,0.03770692,0.046259247
g64,Gene64,-0.051031854,-0.012261867,-0.07514821,-0.04202777,0.019326696,0.026362931,0.035117727,0.04255623
g65,Gene65,0.19226602,0.22475159,0.22228448,0.20602143,0.01930137,0.026891096,0.03374784,0.04227693
g66,Gene66,0.2317737,0.24566567,0.25931075,0.2857717,0.01911132,0.026211973,0.034362108,0.042938016
g67,Gene67,0.21118422,0.18608162,0.1999362,0.22315307,0.019714907,0.026427297,0.03316964,0.04034006
g68,Gene68,-0.6437991,-0.07176465,0.042511147,0.07575142,0.026519028,0.035745457,0.04232162,0.048775796
g69,Gene69,-0.0031299766,-0.016627567,0.03794909,-0.006419773,0.017896678,0.025924532,0.03372979,0.04042649
g7,Gene7,-0.010863569,-0.0009420473,0.0051791533,-0.4156812,0.017753184,0.023950275,0.03193108,0.039277095
g70,Gene70,0.27966878,-0.26766595,0.2939544,0.3680131,0.019322759,0.029730013,0.040337924,0.048411265
g71,Gene71,0.280681,0.25180155,-0.39682394,1.123076,0.02153196,0.03022504,0.04210254,0.057128664
g72,Gene72,0.48721945,0.14966708,0.016561238,0.03523702,0.023454199,0.031836268,0.03861203,0.0455488
g73,Gene73,0.34313765,0.35319313,0.39320135,0.35780135,0.019630035,0.027740408,0.03558411,0.043030318
g74,Gene74,0.03604914,-0.5364943,0.17481771,0.18041441,0.020694131,0.032273516,0.041279398,0.049041633
g75,Gene75,0.0050720917,-0.061101057,-0.9570784,0.19032787,0.02098658,0.030598309,0.04218685,0.05342867
g76,Gene76,-0.2806184,-0.28759056,-0.38486564,-0.33395636,0.018357433,0.026587177,0.035092574,0.04338646
g77,Gene77,-0.47841564,-0.4959331,-0.49165452,-0.5037402,0.018906884,0.026689911,0.034602243,0.04212935
g78,Gene78,-0.3765706,-0.36787498,-0.38759345,-0.37704414,0.019129861,0.027238939,0.03637757,0.04560964
g79,Gene79,0.85998535,0.41726935,0.31568402,0.97017944,0.025167646,0.03560043,0.04283815,0.05200545
g8,Gene8,0.10841533,0.060856737,0.063831024,0.10267306,0.02087148,0.029973052,0.03810601,0.04546931
g80,Gene80,0.10226106,0.16168188,0.11754232,0.12364966,0.019333905,0.026712699,0.031926606,0.04092505
g81,Gene81,-0.47448695,-0.45660785,-0.44820336,-0.46079943,0.021865113,0.028275957,0.035282034,0.044127345
g82,Gene82,-0.039318416,-0.022992212,-0.02348072,0.009417499,0.019679522,0.025963685,0.035229668,0.04270701
g83,Gene83,0.027210573,0.07208837,0.100289494,0.066018395,0.018363658,0.025017893,0.03324967,0.04156642
g84,Gene84,-0.093777895,0.21860361,-0.12881224,-0.17993538,0.0195272,0.027145354,0.036220677,0.04458127
g85,Gene85,-0.036779955,-0.03900844,-0.07962395,-0.062532894,0.019808603,0.02680936,0.034888368,0.04351768
g86,Gene86,0.04074146,0.046217944,0.022656785,0.05963054,0.018547168,0.026033249,0.033567425,0.041088942
g87,Gene87,-0.027713064,-0.0665184,-0.038021833,-0.020074623,0.01948063,0.027602661,0.035121575,0.042991802
g88,Gene88,-0.096053235,-0.07586011,-0.078207016,-0.07882497,0.019896679,0.027707376,0.03455484,0.043455135
g89,Gene89,0.13322183,0.17296289,0.1560912,0.12911077,0.018808559,0.02630527,0.0345836,0.04150029
g9,Gene9,0.3310015,0.15082428,0.037201114,0.14126734,0.019740464,0.02822435,0.03606417,0.043618377
g90,Gene90,-0.21426435,-0.14820157,-0.19755049,-0.19741261,0.01880122,0.027240466,0.035299204,0.042713966
g91,Gene91,0.14234437,0.119494885,0.11086445,0.08571175,0.018497793,0.026283696,0.033617564,0.043228306
g92,Gene92,0.2566993,0.29145688,0.9531918,0.2785921,0.019622128,0.026428215,0.03691284,0.044900037
g93,Gene93,0.24400103,0.27506843,0.24144937,0.23545691,0.018784873,0.02558992,0.033693135,0.041377228
g94,Gene94,0.24988878,0.2475741,0.22134781,0.24069104,0.019404367,0.027277853,0.033606816,0.041971188
g95,Gene95,-0.16429771,-0.13185994,-0.08260863,-0.13802938,0.019741215,0.026259381,0.03345974,0.041696645
g96,Gene96,0.118259355,0.08020267,-0.85388005,0.033274464,0.018491374,0.026198545,0.03761458,0.047801323
g97,Gene97,0.20369746,0.2054811,0.23309897,0.22690485,0.01887672,0.026377933,0.033615164,0.040957116
g98,Gene98,-0.18744363,-0.10371315,-0.1397388,-0.14325078,0.020651823,0.027830588,0.0341354,0.039585996
g99,Gene99,-0.0868584,-0.04651263,-0.045133956,-0.010878388,0.019429237,0.027715521,0.034531,0.04443267
