gene,betahat_d0,betahat_d1,betahat_d2,betahat_d3,se_d0,se_d1,se_d2,se_d3,postmean_d0,postsd_d0,lfsr_d0,postmean_d1,postsd_d1,lfsr_d1,postmean_d2,postsd_d2,lfsr_d2,postmean_d3,postsd_d3,lfsr_d3,lfsr_min,best_day,plarge_d0,plarge_d1,plarge_d2,plarge_d3,active_days,n_active_days,min_lfsr_among_active,best_day_among_active,max_abs_postmean,active_days_any,n_any_active,hit_anyday
Gene71,0.039832704,0.01095352,-0.6376719,0.8822285,0.016573472,0.026877385,0.039687835,0.055326603,0.0350587665296498,0.024123467319877,0.073000251695436,0.0032215793959281,0.0391099064816414,0.467343308554734,-0.648385354625666,0.0577038960607684,0.0,0.864510118719614,0.080427723149519,2.53335873159206e-27,0.0,2,4.032774114648419e-12,3.4514846924960096e-07,0.9999999999999961,0.9999999999999999,"2,3",2,0.0,2.0,0.864510118719614,"2,3",2,True
Gene75,0.096005835,0.029832741,-0.86614466,0.28126177,0.017083287,0.027812907,0.04050765,0.05247458,0.099849402618829,0.0247864763884912,2.90983591517691e-05,0.0361022330305567,0.0403405385321252,0.185364859687833,-0.855797028315383,0.0587329940150141,0.0,0.292431671926997,0.0759882548768387,6.13646237417155e-05,0.0,2,2.666483097690797e-05,2.4240468565861484e-05,1.0,0.8880826024366276,2,1,0.0,2.0,0.855797028315383,2,1,True
Gene15,0.1336593,-0.39253956,0.82100374,-0.34408477,0.01558734,0.027237736,0.04237417,0.054165553,0.132230113723771,0.0225969599564772,2.47822230316564e-09,-0.394768961683502,0.0394720957167066,0.0,0.816071371880856,0.0613707970306244,2.04721929194447e-40,-0.348176257839087,0.0783731126246201,4.57947303567075e-06,0.0,1,0.0013540211609411879,0.9999995979003271,1.0,0.9706645723558606,"1,2,3",3,0.0,1.0,0.816071371880856,"1,2,3",3,True
Gene96,0.14923896,0.11118218,-0.8229009,0.06425397,0.014584894,0.023710683,0.0356735,0.046644464,0.15364330469563,0.0213107793485077,3.4196656045910197e-13,0.118324542943748,0.0346354357182419,0.0003240351293414,-0.811105817489271,0.052102774544544,0.0,0.0782409581076652,0.0680442591978114,0.125123502178783,0.0,2,0.014804951112832865,0.009183203315630828,1.0,0.03679609842589526,2,1,0.0,2.0,0.811105817489271,2,1,True
Gene3,-0.06997237,-0.4376273,-0.041163955,0.7843569,0.015769945,0.029078934,0.038091242,0.05035375,-0.0753649043165932,0.0229808346718059,0.0005320264657832,-0.447274164576064,0.0423465511401295,0.0,-0.0541539552620283,0.0554572803977838,0.164383024662734,0.765443882761926,0.073313072514388,6.538693258134019e-26,0.0,1,2.9232008591506542e-08,0.9999999973789507,0.0042730319010321205,0.9999999999999939,"1,3",2,0.0,1.0,0.765443882761926,"1,3",2,True
Gene46,0.032191806,-0.70040095,0.045670222,0.0972515,0.015444536,0.029970683,0.04028015,0.048237983,0.0007427140141134,0.0059967944618945,0.979902201933805,-0.750323044216482,0.0154576765968148,0.0,0.0011155234677762,0.0113900407164747,0.98257814588977,0.0022427635313277,0.0182857463134355,0.980031994605215,0.0,1,0.0,1.0,0.0,0.0,1,1,0.0,1.0,0.750323044216482,1,1,True
Gene11,-0.743974,-0.10089239,0.024583207,-0.0023765848,0.02317283,0.034714162,0.040994003,0.04585846,-0.739130597673164,0.0336323029333685,0.0,-0.0941994038945716,0.0503630887715568,0.0306134509018102,0.0322594695695407,0.0594525667182906,0.293550683413071,0.0062469221532705,0.066481970782088,0.462336063303904,0.0,0,1.0,0.017831167250423774,0.002437389596387951,0.0027421555732166647,0,1,0.0,0.0,0.739130597673164,0,1,True
Gene68,-0.7064839,-0.13444889,-0.020173162,0.013067049,0.02342018,0.033413626,0.040235706,0.046977475,-0.701214197798235,0.0339949920433896,0.0,-0.127425708042778,0.0484842956709786,0.0042510561275871,-0.0119136586726768,0.0583601936739698,0.419340486056773,0.0226009757795587,0.0681037937824109,0.369796282759748,0.0,0,1.0,0.06721460586214123,0.0007756922846922087,0.00513644099711541,0,1,0.0,0.0,0.701214197798235,0,1,True
Gene51,0.19815226,0.14284274,-0.65963197,0.20880967,0.01708111,0.025957623,0.036301304,0.047372013,0.199973688579922,0.0248392366279722,5.07812606175623e-16,0.145599517777931,0.0377356417974924,5.79857295938697e-05,-0.654753501906551,0.0527521081109045,0.0,0.213525965423683,0.0687688948357137,0.0009585661380919,0.0,2,0.49957741310166837,0.07470470324261691,1.0,0.5779638602845164,2,1,0.0,2.0,0.654753501906551,2,1,True
Gene70,-0.04919525,-0.59652996,-0.03490962,0.03914914,0.014671804,0.027493289,0.038465146,0.046591505,-0.0463620491895831,0.0213343757623453,0.0148389958276848,-0.590729425184127,0.0399584574832565,0.0,-0.0275275199768763,0.0558702947210394,0.31119861441043,0.0478799984362433,0.0676287245593701,0.239411337349605,0.0,1,2.978728375069295e-13,1.0,0.0010341476134049232,0.012368954748780414,1,1,0.0,1.0,0.590729425184127,1,1,True
Gene74,-0.010638857,-0.583182,0.12812969,0.13372636,0.016403694,0.029549118,0.03917609,0.047620423,-0.0098499776118906,0.0237791830209898,0.339403336530858,-0.581193962161039,0.0428098896803171,0.0,0.12974954050648,0.0567286433533756,0.0111243788386284,0.135607747167802,0.0689081320116088,0.0245761038334094,0.0,1,6.661338147750939e-16,1.0,0.10779138183283332,0.17503254092607112,1,1,0.0,1.0,0.581193962161039,1,1,True
Gene60,-0.46800485,-0.04507973,0.06906201,0.05023933,0.017949013,0.0281828,0.035736196,0.042525932,-0.467678761631545,0.0261639308625759,0.0,-0.0448315689498729,0.0410668132490925,0.137467104403576,0.0691978267774618,0.0520505797851471,0.0918764723055564,0.0504050984103579,0.0619065734828049,0.207726000693888,0.0,0,1.0,7.890863311144081e-05,0.005985887019538949,0.007862248489014179,0,1,0.0,0.0,0.467678761631545,0,1,True
Gene10,0.82047635,0.27294326,0.02082763,0.14601992,0.025493233,0.034438863,0.044087492,0.05051374,0.809799190649768,0.0369705877196658,9.26752021715386e-107,0.259003833186768,0.0499290459089681,9.75289844236593e-08,0.0034621664823326,0.0638839479921135,0.478626674341903,0.125815981740528,0.0731540334237684,0.0426218603933353,9.26752021715386e-107,0,1.0,0.88134827185059,0.0017713852285948795,0.1552765858723365,0,1,9.26752021715386e-107,0.0,0.809799190649768,0,1,True
Gene79,0.658664,0.21594718,0.11436226,0.7688574,0.0223923,0.03402738,0.041715737,0.050624046,0.641161411681757,0.0326006335490365,2.43568540708083e-87,0.18973422686821,0.0495111185155286,6.21240995126238e-05,0.0824329780200103,0.0606661422619227,0.0870862478694891,0.728270411044375,0.0735880162080226,1.26812734864866e-23,2.43568540708083e-87,0,1.0,0.4178710817895819,0.02631721088264838,0.9999999999996483,"0,3",2,2.43568540708083e-87,0.0,0.728270411044375,"0,3",2,True
Gene72,0.5870627,0.24951072,0.1164048,0.1350806,0.020395566,0.02954396,0.036506034,0.043713808,0.580261075892439,0.0297948679265092,5.84334951807359e-85,0.239875919248395,0.0431448906816,1.26100264078184e-08,0.104687969956849,0.0532911088200098,0.0246718376270222,0.121013899050358,0.0637767660738755,0.0288145960739621,5.84334951807359e-85,0,1.0,0.8223174157578342,0.03684635946325043,0.10776973848097604,0,1,5.84334951807359e-85,0.0,0.580261075892439,0,1,True
Gene18,0.17773828,0.23579198,0.8921962,0.14411387,0.015930748,0.025680907,0.036334503,0.046784878,0.168060259809668,0.023340814961336,2.54388693409274e-13,0.220142617098976,0.0376157738167971,2.21169536803945e-09,0.869073865783438,0.0532060915987225,7.23910762211084e-61,0.115759325375246,0.0684344972281502,0.0452955744978113,7.23910762211084e-61,2,0.08559231957466551,0.7038421340953621,1.0,0.10916939529247205,2,1,7.23910762211084e-61,2.0,0.869073865783438,2,1,True
Gene22,0.22860567,0.65670776,0.23569705,0.14990889,0.017685506,0.028790241,0.038177144,0.04717293,0.220414077402651,0.0257960207526305,5.11048256708098e-18,0.642894337134612,0.0419751581649331,1.3972715123795e-53,0.217932473724326,0.0556309558746401,4.36621022629813e-05,0.128165589988755,0.068688873614863,0.0309642549784168,1.3972715123795e-53,1,0.7856345927818329,1.0,0.6264050981338656,0.14782896944899515,1,1,1.3972715123795e-53,1.0,0.642894337134612,1,1,True
Gene49,0.36967254,0.12796362,0.0726655,0.06291523,0.016507892,0.025759092,0.033892695,0.041307174,0.367025720015464,0.0241422451261917,1.74652694198527e-52,0.12395064722296,0.0376597575316845,0.0004944478563385,0.0674492418890798,0.049527828494245,0.0865838947426422,0.0565811988632675,0.0603277947533167,0.174151998273249,1.74652694198527e-52,0,0.9999999999977162,0.021723880892393632,0.003722159971281558,0.008729888161626342,0,1,1.74652694198527e-52,0.0,0.367025720015464,0,1,True
Gene92,0.0817779,0.11653575,0.77827084,0.103670605,0.01637268,0.024667945,0.035539366,0.043910332,0.0736156210393369,0.0239810538794946,0.0010570444204304,0.104221664550024,0.0361217539582684,0.0019335870189791,0.759579261543229,0.0520224068383721,6.3353646874252496e-49,0.0817914869431032,0.0642213809427934,0.101348184761711,6.3353646874252496e-49,2,6.814643693786593e-08,0.004006261383784238,1.0,0.03284281031149916,2,1,6.3353646874252496e-49,2.0,0.759579261543229,2,1,True
Gene2,0.058538,0.09944639,0.68858546,0.106497206,0.01585186,0.023829298,0.03348453,0.043336138,0.0516574136947416,0.0232187401279421,0.0129939556298647,0.0890858363951908,0.0348948272064245,0.0053066683072188,0.673242115523093,0.0490143560835135,1.9072507584526e-43,0.0876571553167196,0.0633814183135202,0.0832691556198609,1.9072507584526e-43,2,8.353273628358693e-11,0.0007401261910291446,1.0,0.03815957139280102,2,1,1.9072507584526e-43,2.0,0.673242115523093,2,1,True
Gene52,0.092599705,0.5817713,-0.039853085,0.50814074,0.018110383,0.028984783,0.042043712,0.05016629,0.0825602723891566,0.0263075060871323,0.0008338724320598,0.565230389627341,0.0420907147590273,9.69987395637053e-42,-0.0628268038300354,0.060996711827538,0.151518031975907,0.479189557386842,0.0727396787993274,1.8922755312646e-11,9.69987395637053e-42,1,4.020022281947533e-06,1.0,0.012268838652080172,0.9999380306654119,"1,3",2,9.69987395637053e-42,1.0,0.565230389627341,"1,3",2,True
Gene84,0.10391953,0.4163014,0.06888513,0.017761817,0.016092975,0.024913387,0.034765247,0.043279085,0.101038518935646,0.0234971522127803,8.39729579185806e-06,0.411580543173072,0.0363633179275927,4.92952293806378e-30,0.0626875072081401,0.0507156594886984,0.10818654348546,0.0101726585383157,0.0630926560724441,0.436059141993275,4.92952293806378e-30,1,1.2676323072002837e-05,0.9999999970313792,0.00338974597683106,0.0017442098613172918,1,1,4.92952293806378e-30,1.0,0.411580543173072,1,1,True
Gene63,0.27167028,0.012246569,0.045592148,0.034801204,0.01682966,0.027570048,0.035998594,0.045545284,0.258314988336281,0.0084299428713176,5.2939329868704596e-30,0.0004133885561014,0.0083391830245429,0.975537442799767,0.0017453394157162,0.0135360346566785,0.967640817044459,0.0012760201063136,0.0147178803330782,0.97218670695798,5.2939329868704596e-30,0,0.9999999999977033,0.0,0.0,0.0,0,1,5.2939329868704596e-30,0.0,0.258314988336281,0,1,True
Gene37,0.13140512,0.434445,0.07417389,0.055482835,0.016165579,0.026934473,0.036337633,0.043629736,0.127675392505273,0.0235770637237452,2.9468259953022e-08,0.427926664959067,0.0392663900777363,5.151521074779579e-28,0.0658412643048014,0.0529460172802228,0.106794478221818,0.0455298677387965,0.063532928966612,0.236843098439027,5.151521074779579e-28,1,0.0010789864446487663,0.9999999967744868,0.005640660837349154,0.007577185544404341,1,1,5.151521074779579e-28,1.0,0.427926664959067,1,1,True
Gene47,-0.017176397,0.393116,-0.047414172,-0.07060297,0.01611862,0.026773466,0.03639495,0.044033393,-0.0001320980383949,0.0025295475870415,0.994287162919061,0.427568092328911,0.0112719005435297,3.82039121137664e-26,-0.0003609186068353,0.0061780428599308,0.993956273186193,-0.0005331385443781,0.0082759003473443,0.99360241187052,3.82039121137664e-26,1,0.0,1.0,0.0,0.0,1,1,3.82039121137664e-26,1.0,0.427568092328911,1,1,True
Gene9,0.23608801,0.055910815,-0.057712276,0.046353977,0.01575304,0.026090045,0.03453704,0.04229454,0.23540188821557,0.0229839874933237,6.870415667630461e-25,0.0548630955349981,0.0380519743609423,0.0746524226327162,-0.0589303051071356,0.0503473088427746,0.120912241214693,0.0446556524646192,0.061614462786412,0.234313320577343,6.870415667630461e-25,0,0.938254535072024,6.831921127392615e-05,0.002540020644195118,0.0058830613879814475,0,1,6.870415667630461e-25,0.0,0.23540188821557,0,1,True
Gene16,0.04849759,0.017841032,0.039034657,0.6853559,0.015186635,0.02505258,0.034963023,0.046324473,0.0403885342800574,0.0221903168723806,0.0343436796532217,0.0045047376469516,0.0365868582624994,0.451289522266629,0.0204235661686187,0.0510322687326535,0.344738895663854,0.659114724942078,0.0675853047072161,6.68101786206552e-23,6.68101786206552e-23,3,3.1730174043786974e-13,5.7011675380636007e-08,0.0002245125989930319,0.9999999999945131,3,1,6.68101786206552e-23,3.0,0.659114724942078,3,1,True
Gene23,-0.5053965,-0.048587088,0.09668639,0.0459083,0.018564617,0.029128045,0.0365658,0.04446829,-0.505080761812655,0.0270118280325276,1.11022302462516e-16,-0.0483904231847218,0.0423662742037605,0.126658145787601,0.096699109660624,0.0531620460827473,0.034507305298797,0.0459888297263863,0.0646091578761413,0.238238734846124,1.11022302462516e-16,0,1.0,0.00017275911962133517,0.02600009793579261,0.008639183501329417,0,1,1.11022302462516e-16,0.0,0.505080761812655,0,1,True
Gene7,0.008419504,0.01834103,0.02446222,-0.39639804,0.0141597,0.021405486,0.030205164,0.037905563,1.88186823900122e-05,0.000955252431571,0.998856946266424,3.74071824720448e-05,0.0015660994062952,0.998765160779829,5.04692979995506e-05,0.0021752450837421,0.998780987549555,-0.423959017215197,0.014872337995807,2.66453525910038e-15,2.66453525910038e-15,3,0.0,0.0,0.0,1.0,3,1,2.66453525910038e-15,3.0,0.423959017215197,3,1,True
Gene32,0.03350024,0.024261354,0.08041385,0.4885761,0.015879478,0.024178479,0.031839646,0.042154867,0.0103610689590099,0.0195080370996337,0.666269433446818,0.0056414358762377,0.0229475417120937,0.748661405853599,0.0257837843855491,0.0437117273837491,0.648162665608702,0.433315257405697,0.0498151107500825,3.58573871413969e-15,3.58573871413969e-15,3,0.0,0.0,3.377898118051004e-05,0.999998590767176,3,1,3.58573871413969e-15,3.0,0.433315257405697,3,1,True
Gene34,0.098187,0.08947683,-0.35589504,0.10501708,0.016499417,0.02442816,0.03293932,0.04197788,0.0991994539387964,0.0240929255126794,1.93050986357602e-05,0.0909564486675134,0.0356602567581228,0.0053820099093624,-0.35332529586973,0.0480626546113704,1.02584607475364e-13,0.107433363773796,0.0612061084157288,0.0396126151069517,1.02584607475364e-13,2,1.4332339668299277e-05,0.0011146728687106977,0.9992889139544512,0.06521940029028483,2,1,1.02584607475364e-13,2.0,0.35332529586973,2,1,True
Gene44,0.13163923,0.13897407,0.35622203,0.1271011,0.0146412235,0.022863176,0.032281447,0.03863021,0.127218526509729,0.0214868011791628,1.5394421179685602e-09,0.132055568485188,0.0335440267373332,4.07448732931125e-05,0.346135205477231,0.0473394952509777,1.22863264779121e-13,0.115402061561996,0.0566199536919861,0.0207281836349203,1.22863264779121e-13,2,0.000352966790609921,0.021406487056835566,0.9989889315211076,0.06756998780674583,2,1,1.22863264779121e-13,2.0,0.346135205477231,2,1,True
Gene36,0.06395522,0.096197985,0.042489924,-0.18977684,0.014292712,0.022370283,0.031283733,0.04152175,0.0651668432421007,0.0209169234832497,0.000917125758812,0.098057443890725,0.0327285744630234,0.0013661782582254,0.0451232548933522,0.0457474056859276,0.161963114268646,-0.185779681700289,0.0606804261467475,0.0011132842828451,0.000917125758812,0,5.7372107065134514e-11,0.0009203872109366795,0.00035531661250032265,0.4073575288626301,,0,inf,,0.185779681700289,,0,False
Gene17,0.1837044,0.11018173,0.07054222,0.12089895,0.015546024,0.024157705,0.03338701,0.039474234,0.180183370332795,0.0170148314097188,9.8995634705782e-17,0.107958241770523,0.0260976477002352,0.0001690671426716,0.072161593450428,0.0352199897389717,0.0226199779772908,0.115947644853263,0.0405927230857632,0.0038465827866879,9.8995634705782e-17,0,0.1220767034257142,0.00021028969970271483,0.0001418690087390262,0.019196871816202,,0,inf,,0.180183370332795,,0,False
Gene55,0.16868123,0.15458427,0.111988805,0.12818897,0.015759027,0.023816308,0.03255603,0.04101429,0.178930999208927,0.0235345532008882,2.9523167192353102e-15,0.17019136978563,0.0340828198677203,7.55170236643386e-08,0.150696044221409,0.0553413704071267,0.000663619281731,0.155373563821026,0.0527073014577645,0.001381013306014,2.9523167192353102e-15,0,0.18533022772990637,0.19089742316756264,0.18648981604612536,0.19858560074915388,,0,inf,,0.178930999208927,,0,False
Gene27,0.16192241,0.16784433,0.1827614,0.11849144,0.016560683,0.02398015,0.032863878,0.04161319,0.149158260435948,0.0194443159388035,9.10891933445694e-13,0.14725523063266,0.0256086266373697,5.29714352932083e-08,0.150590547271673,0.0319118749100696,5.68972361375603e-06,0.0997682315814042,0.0488023208542015,0.0119926761789553,9.10891933445694e-13,0,0.004464831274179071,0.019716078181050922,0.06077392311952712,0.01999597754451521,,0,inf,,0.150590547271673,,0,False
Gene13,0.132992,0.11818654,0.106085315,0.102647364,0.01545163,0.025665523,0.03356341,0.04247725,0.144355315917246,0.0142734041134677,1.4294392672197999e-12,0.141338032665238,0.0211039442447672,3.54388240915848e-06,0.139150924171456,0.0264982579598242,0.0004304419569722,0.13817635804834,0.0295821825321617,0.0025525129331127,1.4294392672197999e-12,0,4.839774634157745e-05,0.0027207214315453365,0.010828153043086708,0.01831363678731235,,0,inf,,0.144355315917246,,0,False
Gene26,0.16763239,0.15647519,0.17937519,0.20806573,0.014810895,0.024771923,0.032577977,0.041775085,0.14357878863964,0.0142286348389772,8.21248340478867e-17,0.130004337725909,0.0287311524044282,1.8534177903432e-05,0.132536422028409,0.0295355665636046,8.90438370422689e-05,0.135732125604048,0.0309826919277548,0.0003977262115509,8.21248340478867e-17,0,3.6647466393535666e-05,0.007420645915509061,0.01118144438338442,0.019025015153993352,,0,inf,,0.14357878863964,,0,False
Gene14,0.15066394,0.16748318,0.19704612,0.14749782,0.014442239,0.023179404,0.030764982,0.03764828,0.127359299230803,0.0153816705604972,2.37194319628636e-14,0.128703620469504,0.023556214766397,5.13255647664581e-08,0.141457600121178,0.0301671903495053,1.98318335781338e-06,0.0941787792688776,0.0383091696546536,0.0064534298063941,2.37194319628636e-14,0,1.1645318305220087e-06,0.001236407065160039,0.02615350707264741,0.0028698312660180303,,0,inf,,0.141457600121178,,0,False
Gene41,0.12412312,0.19170275,0.21377952,0.19510885,0.0141973635,0.02373709,0.033118177,0.041321594,0.0880830247337356,0.0148125702608496,3.04947825686284e-10,0.12862809558857,0.0245457955402336,1.38538863515071e-08,0.125146208713357,0.0332087362517862,2.99346280411164e-05,0.0914875739193579,0.0395200714738445,0.0072593838091485,3.04947825686284e-10,0,2.0872192862952943e-14,0.001820464738407357,0.012096852906287592,0.003018593295010308,,0,inf,,0.12862809558857,,0,False
Gene12,0.14001885,0.119351976,0.15343441,0.097893186,0.016369788,0.024758585,0.03224941,0.04161046,0.127738792465635,0.0176462533943049,3.3655004514469694e-11,0.103597383926559,0.0279948310884676,3.06185612513104e-05,0.125518638331222,0.0309311369533551,3.95816030698938e-05,0.0776522378037457,0.0433939588093377,0.0299191637248178,3.3655004514469694e-11,0,2.1109452629120007e-05,0.000287026704604898,0.008020670151750231,0.0024051864718795946,,0,inf,,0.127738792465635,,0,False
Gene33,0.110610634,0.13282329,0.099002674,0.054392196,0.015256857,0.024149114,0.033125747,0.04087026,0.108002898906793,0.0153688914579496,4.19925321824352e-09,0.126463270816388,0.0237957634289495,9.78592996475073e-07,0.0938835436941502,0.0316195967750846,0.0016278738589024,0.0567477142478563,0.0376379445076068,0.0649721673035042,4.19925321824352e-09,0,1.075787681159568e-09,0.0009996756908760007,0.00039534358374548884,7.059899483341514e-05,,0,inf,,0.126463270816388,,0,False
Gene56,0.10179325,0.14209682,0.112012826,0.0911099,0.0153661715,0.02389152,0.03303968,0.0404777,0.089149384340237,0.0154520136479703,2.05757057574389e-08,0.119700352492606,0.0236358630297858,3.28071730802402e-07,0.0849131480004838,0.0315357541962737,0.0035021354742168,0.0629699022050837,0.0371327330174339,0.0446204527553904,2.05757057574389e-08,0,3.645972412869014e-13,0.0003401910785343354,0.00013142237872998397,0.00011200467346428322,,0,inf,,0.119700352492606,,0,False
Gene40,0.12623794,0.11380493,0.096360035,0.13185793,0.015845615,0.024607353,0.03282368,0.04118725,0.115873079483659,0.0175483777982479,6.83847365034653e-11,0.101983832504673,0.0288857290523484,0.000114185000791,0.0869474579518061,0.0406824477674202,0.0130544987089418,0.10169266148991,0.0371698975171339,0.0067399082444713,6.83847365034653e-11,0,8.174419817708056e-07,0.00034535737625773777,0.0027271475221818386,0.004086832812501107,,0,inf,,0.115873079483659,,0,False
Gene8,0.12550148,0.07794265,0.08091703,0.119759,0.01687478,0.02680993,0.035607297,0.04345856,0.109373878325324,0.0171543840199679,7.94212481348075e-10,0.0557668803345713,0.0275652527403485,0.0502670776776571,0.0533244555388893,0.033929873587078,0.0823213432216649,0.0790028519259775,0.0408113549026202,0.0542219534552993,7.94212481348075e-10,0,6.35525896353073e-08,8.365023673739813e-08,7.699480550127369e-06,0.0015144418935630899,,0,inf,,0.109373878325324,,0,False
Gene42,-0.1099268,-0.08522283,-0.09311744,-0.08521941,0.015767628,0.02398244,0.033145808,0.043102317,-0.109318247746128,0.0163439130821488,8.630413050880751e-10,-0.0946955635930669,0.0298327782592361,0.0005705482555327,-0.0959161070118463,0.0323946015594334,0.0041866057186753,-0.0903068241049257,0.0396815126347744,0.0244201660624399,8.630413050880751e-10,0,1.4418896521206648e-08,0.0002079186311750858,0.00065677875288217,0.0028519073032170494,,0,inf,,0.109318247746128,,0,False
Gene19,-0.06882707,-0.13625444,-0.09553024,-0.09189641,0.015766082,0.025000283,0.033735786,0.041602094,-0.0523232699450888,0.0156687590805644,0.000411954663813,-0.105623728404081,0.0244079282457737,7.43002903313972e-06,-0.0598300066506829,0.0317877461762677,0.0295470966882778,-0.0503334298247264,0.0375581877046372,0.0895276839732433,7.43002903313972e-06,1,0.0,5.517627161200078e-05,5.179028363166971e-06,3.375070018007964e-05,,0,inf,,0.105623728404081,,0,False
Gene88,0.113705896,0.13389903,0.13155209,0.13093413,0.016083088,0.024966042,0.03240095,0.04149848,0.099498462336313,0.0130518008804395,2.27350350130065e-09,0.100852972297461,0.0149839240774976,7.43814287454658e-06,0.0983965156391774,0.0183850511850585,0.0005898303833835,0.0961242793153031,0.02265455499792,0.0050061365792282,2.27350350130065e-09,0,6.772360450213455e-15,1.8341328456017436e-11,1.6341712316680912e-08,2.2677339618359937e-06,,0,inf,,0.100852972297461,,0,False
Gene93,0.08445087,0.11551804,0.08189926,0.07590699,0.014647146,0.02293029,0.03177849,0.039639544,0.0758461154601258,0.0148227786285338,2.4273911870567e-07,0.0996595864441965,0.02274238197323,6.6410853914942e-06,0.0642895625183841,0.0305496102681182,0.0179227095523203,0.0560382809824312,0.0365773402025472,0.063230040764962,2.4273911870567e-07,0,0.0,5.119940256093081e-06,4.450182604198716e-06,4.145706270330951e-05,,0,inf,,0.0996595864441965,,0,False
Gene77,-0.11266835,-0.13018548,-0.12590691,-0.13799283,0.014568391,0.023764605,0.032004267,0.040104114,-0.098788117277181,0.0110215367946423,6.545253228296129e-11,-0.0993093251141559,0.0129290523431495,4.20285419755473e-06,-0.0970046899451156,0.0166591077992547,0.0007045712631659,-0.0970555547488124,0.0184313886993459,0.0022496898725431,6.545253228296129e-11,0,0.0,3.4416913763379853e-15,3.154264627269754e-10,1.1666277277555537e-08,,0,inf,,0.0993093251141559,,0,False
Gene83,-0.09901148,-0.054133724,-0.025932562,-0.060203694,0.014858323,0.022600152,0.031727638,0.040379815,-0.0989360496474817,0.0149385615324528,6.6753038652223e-09,-0.0561046501334971,0.0224694092397597,0.0072398731113196,-0.032262173639382,0.0304147994022954,0.144668196196163,-0.0624252428927501,0.0369711351254508,0.046299648212039,6.6753038652223e-09,0,6.651346140529313e-12,7.56513740540754e-11,1.7438332111652244e-08,9.916285726663254e-05,,0,inf,,0.0989360496474817,,0,False
Gene61,0.0818202,0.07462816,0.04776552,0.038180105,0.015960671,0.025188275,0.032280505,0.038545977,0.0965764497505237,0.0188037843453038,3.0223054178551e-07,0.0934024473991652,0.0249338562900029,0.0008433037640052,0.0835140570722375,0.0361640564697528,0.0249846070624573,0.0804590963622178,0.0408695482723535,0.0524866188336053,3.0223054178551e-07,0,1.8973896453999828e-08,9.547721823932598e-06,0.0006386272575419349,0.001722623091305886,,0,inf,,0.0965764497505237,,0,False
Gene35,0.089942895,0.08908663,0.08828225,0.075368926,0.01466023,0.023579901,0.03186191,0.041512407,0.09185860482783,0.011715519347964,4.836224391620921e-09,0.090768179936651,0.0148729103673399,9.96160899076147e-05,0.0898246214019016,0.0179104210812922,0.0018332222548749,0.0872032492627992,0.0233331961058542,0.0125913924949884,4.836224391620921e-09,0,0.0,1.0336176359260207e-13,3.8384551093173513e-10,6.684950418778257e-07,,0,inf,,0.09185860482783,,0,False
Gene21,0.074370354,0.10623869,0.0707034,0.063431405,0.015173379,0.02407737,0.031969562,0.038822897,0.0665072597768707,0.0155543566420055,1.03172719081989e-05,0.0911919781160384,0.0241677694113274,8.29922614604974e-05,0.0552713556292171,0.031160243391105,0.0383701861347295,0.0467677236430575,0.0365330151783973,0.100689381030114,1.03172719081989e-05,0,0.0,3.362754158242609e-06,1.7032091289559403e-06,1.3682725638841653e-05,,0,inf,,0.0911919781160384,,0,False
Gene85,0.088593096,0.086364545,0.045749065,0.06284013,0.015901512,0.024770007,0.033025343,0.042117644,0.0911442043137449,0.0178003876574678,1.02023838646467e-07,0.0877703186670949,0.0246051408970269,0.0003194077338968,0.060371566962598,0.0396581262975322,0.0613682986671615,0.070435562009934,0.0398835519326969,0.0486786176498093,1.02023838646467e-07,0,4.816932408502339e-10,2.5427544684264447e-06,0.0002151214379809696,0.0005799370349747202,,0,inf,,0.0911442043137449,,0,False
Gene43,-0.07479437,-0.1132847,-0.054548413,-0.10608049,0.014609194,0.022403197,0.030422483,0.038608,-0.0609642826226255,0.015050206429572,2.55875061577759e-05,-0.0898960330463121,0.0227581010680539,3.85932076830686e-05,-0.0296622099351868,0.0299977185343394,0.16114266844344,-0.0676251843406457,0.0365207405777862,0.0317536512375901,2.55875061577759e-05,0,0.0,6.5572099905431e-07,6.799695917436566e-09,0.00014467785023830615,,0,inf,,0.0898960330463121,,0,False
Gene24,0.103238404,0.08947225,0.15034744,0.13467498,0.014894425,0.023944033,0.032771632,0.04014974,0.0771458067632462,0.0149555480890319,1.21568256773285e-07,0.0497192952600297,0.0237655571385777,0.0182829687242956,0.0897924680855505,0.0312669759834371,0.0023719484712844,0.0654477818136109,0.0367560656562052,0.0376968939475455,1.21568256773285e-07,0,1.1102230246251565e-16,1.2787981784612157e-10,0.0002119602915535701,0.00012577306503724905,,0,inf,,0.0897924680855505,,0,False
Gene73,0.09240312,0.10245885,0.14246696,0.10706703,0.015232038,0.024918942,0.033539873,0.041459605,0.0716223386045325,0.0143232774143744,1.02950906307054e-06,0.0688854011723275,0.0223922284944825,0.0020370509268723,0.0884691950197202,0.0296077124272992,0.0014105511414994,0.0567199279686023,0.0348680382002642,0.063187253673869,1.02950906307054e-06,0,0.0,2.3798637505123565e-09,8.26266757153471e-05,1.985079393529432e-05,,0,inf,,0.0884691950197202,,0,False
Gene89,0.065684535,0.1054257,0.088553846,0.06157354,0.014946658,0.023678178,0.0329833,0.040178686,0.0558398834117103,0.0149569437890661,9.85923930365039e-05,0.0872754204681717,0.0233197386247502,9.30361692033202e-05,0.0654183592709651,0.0312987836932435,0.0182419038813848,0.0391958682935979,0.0366802506103681,0.142497085218307,9.30361692033202e-05,1,0.0,6.695210194029855e-07,8.543758924450806e-06,5.827546162739949e-06,,0,inf,,0.0872754204681717,,0,False
Gene53,0.07975821,0.1260535,0.10457729,0.13986878,0.015234733,0.024369638,0.035001528,0.04228228,0.0553638870182603,0.0147505293758284,8.84919870827426e-05,0.0841854192533902,0.0234303631174089,0.0001317847108969,0.0500196322759065,0.0318241841093742,0.0582452330057127,0.0690832458610576,0.036959085398216,0.0302880632410451,8.84919870827426e-05,0,0.0,3.847910021725909e-07,1.2218018706766642e-06,0.0001983965111674868,,0,inf,,0.0841854192533902,,0,False
Gene65,0.08547055,0.117956236,0.115489036,0.09922611,0.016285017,0.025240554,0.03231295,0.04104659,0.0672055708637658,0.0158550607200743,2.89333306565698e-05,0.0838575626597024,0.0238709950124955,0.0002348599765268,0.0751495572792672,0.0288074356248394,0.0061451326028688,0.0567181694506402,0.035414060924683,0.0644024112944845,2.89333306565698e-05,0,0.0,5.710675017311928e-07,7.322344538596148e-06,2.6060984940956544e-05,,0,inf,,0.0838575626597024,,0,False
Gene30,-0.08375103,-0.07784312,-0.05155393,-0.08500679,0.01616282,0.02717945,0.035337407,0.042037446,-0.0794891244891726,0.0164239411432705,1.22055899509643e-06,-0.0713300295036848,0.0260601952664911,0.0062879016142224,-0.0535243715852388,0.0379312464295099,0.0947859066226778,-0.0700546279563409,0.0344890928321767,0.037113669795143,1.22055899509643e-06,0,1.0880185641326534e-13,3.958266809878097e-07,5.6321466429642975e-05,8.237145113154654e-05,,0,inf,,0.0794891244891726,,0,False
Gene54,0.055889204,0.012027156,-0.012219198,-0.008401182,0.01644492,0.024429247,0.03285405,0.03972294,0.0678640595389553,0.0174432273092378,3.98653049434145e-05,0.0322624076941597,0.0272861907992972,0.12541266169473,0.0178747837701635,0.0344968777521587,0.321477920990342,0.0257075337849347,0.0387280112095526,0.271893027893233,3.98653049434145e-05,0,1.787459069646502e-14,3.939564230392989e-10,6.491359627602833e-08,3.393708982279975e-06,,0,inf,,0.0678640595389553,,0,False
Gene25,0.025406286,0.084238105,0.0450875,0.04504438,0.015539923,0.025110152,0.03365116,0.041282818,0.0156042341866474,0.0154562932813513,0.19261368907429,0.0650793927993509,0.0240730184749971,0.0032430468064945,0.0241836822674057,0.0312605529772294,0.255749271036881,0.0209970993945419,0.0364633160894725,0.318011222570169,0.0032430468064945,1,0.0,1.0434400343761752e-08,9.317616900261783e-09,4.5810033932891514e-07,,0,inf,,0.0650793927993509,,0,False
Gene91,0.045913696,0.023064282,0.0144338235,-0.010718835,0.0146665955,0.02354184,0.03169175,0.04195245,0.0637789756821302,0.0144409693699314,4.46892509060863e-05,0.0567147581907825,0.0234956882108288,0.0238119927205954,0.0552378104625625,0.0276221443826157,0.0562965936090222,0.0490441889572248,0.0360883743506041,0.130849648134988,4.46892509060863e-05,0,0.0,5.358000709776434e-10,7.994009731948637e-08,1.438763284411504e-05,,0,inf,,0.0637789756821302,,0,False
Gene81,0.07413938,0.0920185,0.100422464,0.087826625,0.016032109,0.024149023,0.032025695,0.04073711,0.0600846273655464,0.0135206459072411,0.0001025291082341,0.0634548219433519,0.0174644039909665,0.0012131754783224,0.0632719476894911,0.0212763045458541,0.0066981134803125,0.0560718767945999,0.0260662408795505,0.0409748655490338,0.0001025291082341,0,0.0,2.6645352591003757e-15,6.537081986834892e-11,1.679351169237009e-08,,0,inf,,0.0634548219433519,,0,False
Gene66,0.08447833,0.09837006,0.112015314,0.13847624,0.014740724,0.023349416,0.03234056,0.041334484,0.0594235080729111,0.0108855936372582,4.40048274323558e-06,0.0592836416729547,0.0135435386663955,0.0012557310876271,0.0589911089349767,0.0164382987919485,0.0063526148431686,0.060897241123255,0.0193190988642224,0.0077784826429414,4.40048274323558e-06,0,0.0,0.0,0.0,3.0042635046356736e-13,,0,inf,,0.060897241123255,,0,False
Gene90,-0.06586571,0.00019716787,-0.049151707,-0.04901395,0.014695303,0.024257341,0.0333255,0.041002367,-0.0604378109896071,0.0145212683172831,1.7715811865382e-05,0.004649876053361,0.023529047346541,0.422044010572608,-0.0377099560457094,0.031212260000924,0.113836968434194,-0.0351939739938346,0.0368247855183698,0.16990231569997,1.7715811865382e-05,0,0.0,0.0,9.987999560756577e-08,3.813319538581439e-06,,0,inf,,0.0604378109896071,,0,False
Gene62,0.005772139,-0.047326725,0.022357957,0.032158304,0.015395654,0.024140593,0.032560725,0.042146277,-0.0030843642286017,0.0138552291350558,0.508401451607014,-0.0586648609654103,0.0216442898211551,0.0055326352408805,0.0006214898698005,0.0277455074340751,0.580953472893075,0.0023393319585085,0.0341116193668941,0.564276946509359,0.0055326352408805,1,0.0,3.2905900226865015e-11,5.737632591262809e-13,4.92493923420767e-09,,0,inf,,0.0586648609654103,,0,False
Gene59,0.073719084,0.07791922,0.12346922,0.112542115,0.015940277,0.023798501,0.034871053,0.04255167,0.0474919710133712,0.0139020789487168,0.0007468086683374,0.0429952514174266,0.0190635928463696,0.0223697637870458,0.0577339428760721,0.0277124000502313,0.0134106629563709,0.046119754212522,0.029798597989004,0.0650030630549343,0.0007468086683374,0,0.0,1.1102230246251565e-16,1.4208014365024724e-07,1.2085765221936384e-07,,0,inf,,0.0577339428760721,,0,False
Gene50,-0.05212734,-0.038873237,-0.0011562963,-0.024913093,0.014321777,0.022751298,0.031225199,0.040453155,-0.0572078105914887,0.0149598334856876,5.76963596710112e-05,-0.0473094472731513,0.0232550672713218,0.0224345191041295,-0.019450865952698,0.0344657354625021,0.301684364665839,-0.0393537305838831,0.0367255366431532,0.151280413718258,5.76963596710112e-05,0,0.0,2.585898162266176e-11,8.103491189181966e-08,6.0928806890903076e-06,,0,inf,,0.0572078105914887,,0,False
Gene87,-0.024537116,-0.06334244,-0.034845922,-0.016898677,0.014315251,0.024433428,0.032449666,0.04078078,-0.022271751375736,0.0142192371358909,0.0607684102649623,-0.0566968474465961,0.0238111402057801,0.0092383603217681,-0.0292101029792417,0.0305436667908037,0.171285693325823,-0.0135872479732155,0.0366913650057235,0.356682211967911,0.0092383603217681,1,0.0,8.811618101844942e-10,1.1245270048476641e-08,1.9108159798886248e-07,,0,inf,,0.0566968474465961,,0,False
Gene38,-0.018012114,-0.051288597,-0.09197647,-0.045572083,0.014729617,0.023936205,0.031186944,0.040675454,-0.0039573890831122,0.0147716184271673,0.395729462331136,-0.0270622663432873,0.0236194689377243,0.127111413382432,-0.056111230410403,0.0300427777044371,0.0323274438945267,-0.0084598366174332,0.0370690844118488,0.411101364363902,0.0323274438945267,2,0.0,1.2234657731369225e-13,8.361415078095291e-07,1.2822215500474243e-07,,0,inf,,0.056111230410403,,0,False
Gene39,0.034643788,0.08562713,0.104532406,0.07639835,0.014519966,0.02421565,0.033715766,0.042095322,0.0160078094539477,0.0141573657056204,0.134935799279408,0.0518530168005978,0.0236097506823162,0.0204796932108171,0.0560936042761873,0.031458380565407,0.0437263407086079,0.0235666167859563,0.0370684837746016,0.266105189176257,0.0204796932108171,1,0.0,1.7501722293644661e-10,2.386780783125708e-06,9.704101008312094e-07,,0,inf,,0.0560936042761873,,0,False
Gene76,0.037654124,0.03068196,-0.06659305,-0.015683716,0.014498324,0.024222087,0.03327395,0.041967675,0.0530635338653333,0.0142694107176988,0.0002898950885892,0.0553557389868116,0.0234101894326711,0.0096434329362541,-0.0217552305007181,0.0311695240240476,0.242110502769725,0.0303122606890487,0.0374228685676701,0.206800007942856,0.0002898950885892,0,0.0,3.231820366877969e-10,5.372114975088493e-09,2.889670198014116e-06,,0,inf,,0.0553557389868116,,0,False
Gene28,-0.04356242,-0.039354425,-0.021737913,-0.017232332,0.017247139,0.025133261,0.03325985,0.040253956,-0.0553128235754008,0.0162186539726102,0.0019476156419751,-0.0540224115361927,0.019999723586599,0.0183859721274088,-0.0491389026159189,0.026750677979973,0.0710137363350335,-0.0482011047277,0.029701173447463,0.0900235386655615,0.0019476156419751,0,0.0,1.4499512701604544e-13,8.526031436417725e-09,1.6033761607303632e-07,,0,inf,,0.0553128235754008,,0,False
Gene45,-0.05857311,-0.035820235,-0.05670164,-0.052915454,0.0138916625,0.022705374,0.03135234,0.039277095,-0.0526519582330005,0.0136565601684524,8.8492243937921e-05,-0.0311453153005993,0.0245725765356708,0.125517983575273,-0.043431217016436,0.0289204061194723,0.0942572842174243,-0.0382636902854825,0.0344157117927178,0.16009807818861,8.8492243937921e-05,0,0.0,3.17268433747131e-12,3.085359057131143e-08,1.3040591460011797e-06,,0,inf,,0.0526519582330005,,0,False
Gene31,-0.0406601,-0.027283745,-0.02343982,-0.0046228683,0.015166517,0.024226544,0.033788368,0.042408947,-0.051638155077388,0.0129965813515613,0.0005092956357884,-0.047939299565636,0.0190338891206603,0.0281689171667825,-0.0474057630379776,0.0228216900214615,0.0543847386545069,-0.0429801995066719,0.0290330311802614,0.106656070023302,0.0005092956357884,0,0.0,6.661338147750939e-16,1.1438849867317913e-11,3.1810091227768567e-08,,0,inf,,0.051638155077388,,0,False
Gene100,0.06245807,-0.001320765,0.06409045,0.06456927,0.015220576,0.023496082,0.030253429,0.040246133,0.051264688991834,0.0154943589887214,0.0004678825399023,-0.0141048127862903,0.0235220243182869,0.274072080233556,0.0414952391044597,0.0295608640073334,0.079967414132282,0.0351209012915512,0.0373324497733326,0.1731582290159,0.0004678825399023,0,0.0,1.3322676295501878e-15,4.115733331921945e-08,5.015538103614325e-06,,0,inf,,0.051264688991834,,0,False
Gene67,0.062912926,0.03781021,0.051664695,0.074881874,0.0155634945,0.023550551,0.031452604,0.03966588,0.0509200661978815,0.0157275269054444,0.0005735167922654,0.0227585205956136,0.0244120310459679,0.201839039789593,0.0299030583936039,0.0305834460636616,0.191691566882747,0.0430467247924558,0.0366180765695398,0.146617696498659,0.0005735167922654,0,0.0,1.929567616798522e-13,1.3355514250079636e-08,9.08680694056141e-06,,0,inf,,0.0509200661978815,,0,False
Gene20,0.041609127,0.049408995,0.082058914,0.04756536,0.016678305,0.024971131,0.03218273,0.042589154,0.0283982910710523,0.0168992104744205,0.0772211072039113,0.0299872553033235,0.0236276592942334,0.127745341541158,0.0500197135854536,0.0315938901896191,0.0763021384453393,0.0196514418437514,0.0368124531789919,0.293959821107722,0.0763021384453393,2,0.0,3.111955138024314e-13,1.0316195763193647e-06,4.825486653592392e-07,,0,inf,,0.0500197135854536,,0,False
Gene1,0.0595306,0.07181853,0.06092857,0.087403625,0.014895793,0.02386729,0.03350418,0.04185805,0.0484859738738543,0.0120741339962154,0.0003257385446701,0.0499511224695035,0.0163980888374728,0.0064836766976948,0.0429469321613763,0.0228272712116362,0.0603845269987605,0.0492793247301996,0.0246812376012812,0.0394745390462221,0.0003257385446701,0,0.0,0.0,2.9912738952475593e-12,5.085916132685497e-10,,0,inf,,0.0499511224695035,,0,False
Gene98,-0.03010406,0.05362644,0.01760082,0.014088848,0.015984565,0.024522476,0.031484555,0.03746681,-0.0385755211504854,0.0167979350232975,0.0109295845827601,0.0353062443374068,0.0253098995176722,0.0813371502980366,-0.0018260122997966,0.03162106081014,0.476708471654852,-0.0078473728273764,0.0365003698057947,0.41454834312709,0.0109295845827601,0,0.0,3.83106879553452e-11,2.708832047559895e-10,7.651377886830346e-08,,0,inf,,0.0385755211504854,,0,False
Gene64,-0.029956158,0.008813807,-0.05407256,-0.020952092,0.01577095,0.024244305,0.033371218,0.04121768,-0.0235240237469152,0.0156964336160263,0.0674353996892763,0.0157038232912138,0.0237110963561757,0.253819506545999,-0.037277128909803,0.0314947177454126,0.118677357399169,-0.0065930153010778,0.0372456207211143,0.430247419017003,0.0674353996892763,0,0.0,3.885780586188048e-15,1.1914958542025289e-07,1.1815782663404661e-07,,0,inf,,0.037277128909803,,0,False
Gene78,0.033912003,0.042607736,0.022889106,0.033438392,0.014389918,0.02417889,0.033821575,0.043308213,0.0338910777599421,0.0118857396544417,0.0067798681470566,0.0366711112314803,0.016941661885115,0.0260828339800515,0.0276877216408742,0.0238610180377888,0.133023474951724,0.0311860098568372,0.0268348278489384,0.11769101250098,0.0067798681470566,0,0.0,0.0,2.5712765250318625e-13,1.5786183471533377e-10,,0,inf,,0.0366711112314803,,0,False
Gene95,-0.018476687,0.013961157,0.06321239,0.007791576,0.0149724595,0.022786452,0.03089885,0.03990528,-0.0280134280293493,0.0151930309934308,0.0326868605602824,-0.0018497587323287,0.0227871793349431,0.467401662521903,0.0364830607562632,0.0300107100529864,0.111829783018304,-0.0165588643000391,0.0369413583988576,0.326597098028955,0.0326868605602824,0,0.0,0.0,2.538114518557677e-08,3.4448355723526447e-07,,0,inf,,0.0364830607562632,,0,False
Gene86,0.036753446,0.04222997,0.018668765,0.05564252,0.015248852,0.023659064,0.03164966,0.039632786,0.030397454779166,0.0147120306344167,0.0272953277666751,0.0311960450884665,0.0213415087810579,0.0813704604546421,0.0129500453188039,0.0296875978690158,0.323165080327523,0.0341120985094789,0.0324386759113054,0.138956325919198,0.0272953277666751,0,0.0,1.3322676295501878e-15,1.4860579433673138e-10,1.5779376516533716e-07,,0,inf,,0.0341120985094789,,0,False
Gene82,0.04992023,0.066246465,0.06575792,0.09865625,0.015845722,0.02358591,0.033632904,0.041154813,0.0273456955177408,0.0148693795518038,0.0873416931613753,0.0299206694549701,0.0190791742469505,0.100131370056769,0.025467537462982,0.0226671767236744,0.160566464415668,0.0332387048509256,0.027722113261529,0.122740302506679,0.0873416931613753,0,0.0,0.0,6.772360450213455e-15,8.968766840311559e-10,,0,inf,,0.0332387048509256,,0,False
Gene94,0.028660912,0.02634633,0.00011993612,0.019463196,0.015328883,0.024789715,0.03170594,0.039990693,0.0328159975339009,0.0146409336212525,0.020772790360343,0.031379296987667,0.0211687167371539,0.0888986129542949,0.0175476318885479,0.0300953199801487,0.277065123272346,0.0277706750460377,0.0308071149439833,0.178294218044041,0.020772790360343,0,0.0,7.771561172376096e-16,6.704234944976406e-10,1.1316358738966414e-08,,0,inf,,0.0328159975339009,,0,False
Gene99,-0.009852333,0.03049341,0.03187215,0.0661277,0.01600047,0.024783647,0.032488417,0.042680334,-0.03123296116726,0.0163027402470626,0.0300050671722392,-0.0075530436950541,0.0280247447446679,0.435431842141897,-0.0132298016086909,0.0314371816344044,0.360736919513564,0.0008197264868167,0.0403291515659271,0.511070084941752,0.0300050671722392,0,0.0,3.3425484602389588e-12,1.4218166644042185e-09,7.116055323885817e-07,,0,inf,,0.03123296116726,,0,False
Gene80,-0.030088812,0.029331908,-0.01480759,-0.008700287,0.015416349,0.02387712,0.029760735,0.038989183,-0.0305711979818604,0.0159678352681146,0.0278299073716187,0.0246992526514912,0.0243004229763779,0.154684626491217,-0.0161696411522658,0.0296351312443853,0.292645736908136,-0.0111464623585216,0.0370348032075701,0.381702075710506,0.0278299073716187,0,0.0,2.7189361873070084e-13,2.7691804405094445e-10,1.7635306437391307e-07,,0,inf,,0.0305711979818604,,0,False
Gene57,0.0015293638,-0.04451028,-0.022578688,-0.027608167,0.014616942,0.023513604,0.0309834,0.03681594,0.0087821488330037,0.0151985008356777,0.290542733322717,-0.0298403477107437,0.0241880375426029,0.112124809590602,-0.0059825582568529,0.0306749772968587,0.432536814969544,-0.007621899171279,0.0353780747656456,0.424728648591858,0.112124809590602,1,0.0,9.972023207183156e-13,1.3606726856352225e-10,2.9171288939977558e-08,,0,inf,,0.0298403477107437,,0,False
Gene29,-0.03112807,-0.044182967,-0.021290613,-0.058688466,0.015109703,0.02341684,0.030737767,0.03813429,-0.0203983640801303,0.0153855022677128,0.145560230803867,-0.0256844690505383,0.0223000458151687,0.167083976859161,-0.0082126334820878,0.0273075931098438,0.400791071599814,-0.028343757764908,0.032563770140511,0.219048594430564,0.145560230803867,0,0.0,2.6645352591003757e-15,1.0962342145148796e-12,6.7699405414956e-08,,0,inf,,0.028343757764908,,0,False
Gene5,0.020625064,-0.0014627293,0.008714997,-0.008585969,0.015927082,0.025079671,0.034066588,0.043782238,0.026908424960909,0.0144110787166161,0.053429805190588,0.0161582438928939,0.0230402178485852,0.265625332490118,0.0223897957142107,0.0256651244643372,0.204040648927986,0.015736433660722,0.0320284222581808,0.289791052447786,0.053429805190588,0,0.0,7.771561172376096e-16,2.2535306953841427e-12,4.388545304934155e-09,,0,inf,,0.026908424960909,,0,False
Gene6,0.011696047,-0.026389273,-0.031071085,0.017905671,0.01572998,0.024457471,0.031968556,0.04043353,0.0119937741562165,0.0158984053635271,0.225452558862346,-0.0233706402976036,0.0242864452350531,0.168210517657858,-0.0260916633765525,0.0308330824882628,0.199042752759679,0.0153962486944361,0.0372638323322775,0.339944006029953,0.168210517657858,1,0.0,1.7608137170554983e-13,8.487017977287792e-09,3.673082505928349e-07,,0,inf,,0.0260916633765525,,0,False
Gene69,-0.0048655244,-0.018363109,0.036213532,-0.008155318,0.014055359,0.023379669,0.031495433,0.03882931,-0.0078563784060104,0.0142298300494677,0.292911575919892,-0.0220291213627674,0.0232799722331961,0.174182413048417,0.0248128487235842,0.0304468025636191,0.210836524169369,-0.0144864434039135,0.036000662798118,0.345663635859952,0.174182413048417,1,0.0,1.0436096431476471e-14,4.361063177249491e-09,1.2941323290771578e-07,,0,inf,,0.0248128487235842,,0,False
Gene4,-0.020471606,-0.033339612,0.0008122234,-0.03457812,0.01504011,0.02403763,0.03174244,0.039378934,-0.0163843163849918,0.0150463339223865,0.172735575968875,-0.0247959985833236,0.0232379316779812,0.171058345568287,0.0024716720452368,0.029542958814154,0.51586489248563,-0.0220052364738905,0.0344125224234903,0.280952783405301,0.171058345568287,1,0.0,2.353672812205332e-14,1.5060841462855024e-11,1.1561874557752816e-07,,0,inf,,0.0247959985833236,,0,False
Gene58,-0.02463977,-0.022433672,-0.024418727,-0.015672082,0.014619766,0.022626862,0.031390898,0.039049704,-0.0241079301877623,0.0130760299616596,0.095511206711743,-0.0233214680842715,0.0156448569215768,0.13088966503142,-0.0235102995490898,0.0184246592616535,0.144558428160563,-0.0215718099721168,0.0214269596040842,0.171335078093091,0.095511206711743,0,0.0,0.0,0.0,0.0,,0,inf,,0.0241079301877623,,0,False
Gene48,0.017339991,-0.0021528644,-0.021152109,0.009350669,0.014750675,0.023453055,0.031157926,0.039471887,0.0205595235984765,0.014799332772001,0.0902282903677693,0.0052885241718522,0.0235996727457673,0.418922045268169,-0.0080686950892937,0.0311943731420658,0.418412038386577,0.0160982909103112,0.0348477557653258,0.319231960407683,0.0902282903677693,0,0.0,1.1102230246251565e-16,3.9352832104100344e-10,6.583434986051628e-08,,0,inf,,0.0205595235984765,,0,False
Gene97,0.034402918,0.036186665,0.06380443,0.05761048,0.015111883,0.02440213,0.032432117,0.03957176,0.0120523966005846,0.0139174274509024,0.41999924230503,0.0103962879306364,0.0164665656515055,0.474577931834196,0.0156435089368033,0.0225380677287891,0.441079567841927,0.0125343918334268,0.0229189149593518,0.475697305827382,0.41999924230503,0,0.0,0.0,1.1102230246251565e-16,1.1102230246251565e-16,,0,inf,,0.0156435089368033,,0,False
